Div,Date,Time,HomeTeam,AwayTeam,FTHG,FTAG,FTR
F1,16/08/2024,19:45,Le Havre,Paris SG,1,4,A
F1,17/08/2024,16:00,Brest,Marseille,1,5,A
F1,17/08/2024,18:00,Reims,Lille,0,2,A
F1,17/08/2024,20:00,Monaco,St Etienne,1,0,H
F1,18/08/2024,14:00,Auxerre,Nice,2,1,H
F1,18/08/2024,16:00,Angers,Lens,0,1,A
F1,18/08/2024,16:00,Montpellier,Strasbourg,1,1,D
F1,18/08/2024,16:00,Toulouse,Nantes,0,0,D
F1,18/08/2024,19:45,Rennes,Lyon,3,0,H
F1,23/08/2024,19:45,Paris SG,Montpellier,6,0,H
F1,24/08/2024,16:00,Lyon,Monaco,0,2,A
F1,24/08/2024,18:00,Lille,Angers,2,0,H
F1,24/08/2024,20:00,St Etienne,Le Havre,0,2,A
F1,25/08/2024,14:00,Lens,Brest,2,0,H
F1,25/08/2024,16:00,Nantes,Auxerre,2,0,H
F1,25/08/2024,16:00,Nice,Toulouse,1,1,D
F1,25/08/2024,16:00,Strasbourg,Rennes,3,1,H
F1,25/08/2024,19:45,Marseille,Reims,2,2,D
F1,30/08/2024,19:45,Lyon,Strasbourg,4,3,H
F1,31/08/2024,16:00,Brest,St Etienne,4,0,H
F1,31/08/2024,18:00,Montpellier,Nantes,1,3,A
F1,31/08/2024,20:00,Toulouse,Marseille,1,3,A
F1,01/09/2024,14:00,Monaco,Lens,1,1,D
F1,01/09/2024,16:00,Angers,Nice,1,4,A
F1,01/09/2024,16:00,Le Havre,Auxerre,3,1,H
F1,01/09/2024,16:00,Reims,Rennes,2,1,H
F1,01/09/2024,19:45,Lille,Paris SG,1,3,A
F1,13/09/2024,19:45,St Etienne,Lille,1,0,H
F1,14/09/2024,16:00,Marseille,Nice,2,0,H
F1,14/09/2024,18:00,Auxerre,Monaco,0,3,A
F1,14/09/2024,20:00,Paris SG,Brest,3,1,H
F1,15/09/2024,14:00,Rennes,Montpellier,3,0,H
F1,15/09/2024,16:00,Nantes,Reims,1,2,A
F1,15/09/2024,16:00,Strasbourg,Angers,1,1,D
F1,15/09/2024,16:00,Toulouse,Le Havre,2,0,H
F1,15/09/2024,19:45,Lens,Lyon,0,0,D
F1,20/09/2024,19:45,Nice,St Etienne,8,0,H
F1,21/09/2024,16:00,Lille,Strasbourg,3,3,D
F1,21/09/2024,18:00,Rennes,Lens,1,1,D
F1,21/09/2024,20:00,Reims,Paris SG,1,1,D
F1,22/09/2024,14:00,Monaco,Le Havre,3,1,H
F1,22/09/2024,16:00,Angers,Nantes,1,1,D
F1,22/09/2024,16:00,Brest,Toulouse,2,0,H
F1,22/09/2024,16:00,Montpellier,Auxerre,3,2,H
F1,22/09/2024,19:45,Lyon,Marseille,2,3,A
F1,27/09/2024,18:00,Auxerre,Brest,3,0,H
F1,27/09/2024,20:00,Paris SG,Rennes,3,1,H
F1,28/09/2024,16:00,Lens,Nice,0,0,D
F1,28/09/2024,18:00,Le Havre,Lille,0,3,A
F1,28/09/2024,20:00,Monaco,Montpellier,2,1,H
F1,29/09/2024,14:00,Toulouse,Lyon,1,2,A
F1,29/09/2024,16:00,Angers,Reims,1,3,A
F1,29/09/2024,16:00,Nantes,St Etienne,2,2,D
F1,29/09/2024,19:45,Strasbourg,Marseille,1,0,H
F1,04/10/2024,19:45,Marseille,Angers,1,1,D
F1,05/10/2024,16:00,St Etienne,Auxerre,3,1,H
F1,05/10/2024,18:00,Lille,Toulouse,2,1,H
F1,05/10/2024,20:00,Rennes,Monaco,1,2,A
F1,06/10/2024,14:00,Lyon,Nantes,2,0,H
F1,06/10/2024,16:00,Brest,Le Havre,2,0,H
F1,06/10/2024,16:00,Reims,Montpellier,4,2,H
F1,06/10/2024,16:00,Strasbourg,Lens,2,2,D
F1,06/10/2024,19:45,Nice,Paris SG,1,1,D
F1,18/10/2024,19:45,Monaco,Lille,0,0,D
F1,19/10/2024,16:00,Brest,Rennes,1,1,D
F1,19/10/2024,18:00,St Etienne,Lens,0,2,A
F1,19/10/2024,20:00,Paris SG,Strasbourg,4,2,H
F1,20/10/2024,14:00,Le Havre,Lyon,0,4,A
F1,20/10/2024,16:00,Auxerre,Reims,2,1,H
F1,20/10/2024,16:00,Nantes,Nice,1,1,D
F1,20/10/2024,16:00,Toulouse,Angers,1,1,D
F1,20/10/2024,19:45,Montpellier,Marseille,0,5,A
F1,25/10/2024,19:45,Rennes,Le Havre,1,0,H
F1,26/10/2024,16:00,Angers,St Etienne,4,2,H
F1,26/10/2024,18:00,Reims,Brest,1,2,A
F1,26/10/2024,20:00,Lens,Lille,0,2,A
F1,27/10/2024,14:00,Lyon,Auxerre,2,2,D
F1,27/10/2024,16:00,Montpellier,Toulouse,0,3,A
F1,27/10/2024,16:00,Nice,Monaco,2,1,H
F1,27/10/2024,16:00,Strasbourg,Nantes,3,1,H
F1,27/10/2024,19:45,Marseille,Paris SG,0,3,A
F1,01/11/2024,18:00,Monaco,Angers,0,1,A
F1,01/11/2024,20:00,Lille,Lyon,1,1,D
F1,02/11/2024,16:00,Paris SG,Lens,1,0,H
F1,02/11/2024,18:00,Brest,Nice,0,1,A
F1,02/11/2024,20:00,St Etienne,Strasbourg,2,0,H
F1,03/11/2024,14:00,Toulouse,Reims,1,0,H
F1,03/11/2024,16:00,Auxerre,Rennes,4,0,H
F1,03/11/2024,16:00,Le Havre,Montpellier,1,0,H
F1,03/11/2024,19:45,Nantes,Marseille,1,2,A
F1,08/11/2024,19:45,Marseille,Auxerre,1,3,A
F1,09/11/2024,16:00,Strasbourg,Monaco,1,3,A
F1,09/11/2024,18:00,Lens,Nantes,3,2,H
F1,09/11/2024,20:00,Angers,Paris SG,2,4,A
F1,10/11/2024,14:00,Nice,Lille,2,2,D
F1,10/11/2024,16:00,Le Havre,Reims,0,3,A
F1,10/11/2024,16:00,Montpellier,Brest,3,1,H
F1,10/11/2024,16:00,Rennes,Toulouse,0,2,A
F1,10/11/2024,19:45,Lyon,St Etienne,1,0,H
F1,22/11/2024,18:00,Monaco,Brest,3,2,H
F1,22/11/2024,20:00,Paris SG,Toulouse,3,0,H
F1,23/11/2024,16:00,Lens,Marseille,1,3,A
F1,23/11/2024,18:00,St Etienne,Montpellier,1,0,H
F1,23/11/2024,20:00,Reims,Lyon,1,1,D
F1,24/11/2024,14:00,Lille,Rennes,1,0,H
F1,24/11/2024,16:00,Auxerre,Angers,1,0,H
F1,24/11/2024,16:00,Nantes,Le Havre,0,2,A
F1,24/11/2024,19:45,Nice,Strasbourg,2,1,H
F1,29/11/2024,19:45,Reims,Lens,0,2,A
F1,30/11/2024,16:00,Rennes,St Etienne,5,0,H
F1,30/11/2024,18:00,Brest,Strasbourg,3,1,H
F1,30/11/2024,20:00,Paris SG,Nantes,1,1,D
F1,01/12/2024,14:00,Montpellier,Lille,2,2,D
F1,01/12/2024,16:00,Le Havre,Angers,0,1,A
F1,01/12/2024,16:00,Lyon,Nice,4,1,H
F1,01/12/2024,16:00,Toulouse,Auxerre,2,0,H
F1,01/12/2024,19:45,Marseille,Monaco,2,1,H
F1,06/12/2024,18:00,Lille,Brest,3,1,H
F1,06/12/2024,20:00,Auxerre,Paris SG,0,0,D
F1,07/12/2024,16:00,Monaco,Toulouse,2,0,H
F1,07/12/2024,18:00,Nice,Le Havre,2,1,H
F1,07/12/2024,20:00,Angers,Lyon,0,3,A
F1,08/12/2024,14:00,Lens,Montpellier,2,0,H
F1,08/12/2024,16:00,Nantes,Rennes,1,0,H
F1,08/12/2024,16:00,Strasbourg,Reims,0,0,D
F1,08/12/2024,19:45,St Etienne,Marseille,0,2,A
F1,13/12/2024,19:45,Toulouse,St Etienne,2,1,H
F1,14/12/2024,16:00,Marseille,Lille,1,1,D
F1,14/12/2024,18:00,Auxerre,Lens,2,2,D
F1,14/12/2024,20:00,Reims,Monaco,0,0,D
F1,15/12/2024,14:00,Montpellier,Nice,2,2,D
F1,15/12/2024,16:00,Brest,Nantes,4,1,H
F1,15/12/2024,16:00,Le Havre,Strasbourg,0,3,A
F1,15/12/2024,16:00,Rennes,Angers,2,0,H
F1,15/12/2024,19:45,Paris SG,Lyon,3,1,H
F1,18/12/2024,20:00,Monaco,Paris SG,2,4,A
F1,03/01/2025,20:00,Nice,Rennes,3,2,H
F1,04/01/2025,16:00,St Etienne,Reims,3,1,H
F1,04/01/2025,18:00,Lille,Nantes,1,1,D
F1,04/01/2025,20:00,Lyon,Montpellier,1,0,H
F1,05/01/2025,14:00,Angers,Brest,2,0,H
F1,05/01/2025,14:00,Lens,Toulouse,0,1,A
F1,05/01/2025,14:00,Strasbourg,Auxerre,3,1,H
F1,05/01/2025,19:45,Marseille,Le Havre,5,1,H
F1,10/01/2025,18:00,Nantes,Monaco,2,2,D
F1,10/01/2025,20:05,Auxerre,Lille,0,0,D
F1,11/01/2025,16:00,Brest,Lyon,2,1,H
F1,11/01/2025,18:00,Reims,Nice,2,4,A
F1,11/01/2025,20:05,Rennes,Marseille,1,2,A
F1,12/01/2025,14:00,Le Havre,Lens,1,2,A
F1,12/01/2025,16:15,Montpellier,Angers,1,3,A
F1,12/01/2025,16:15,Toulouse,Strasbourg,1,2,A
F1,12/01/2025,19:45,Paris SG,St Etienne,2,1,H
F1,17/01/2025,18:00,Montpellier,Monaco,2,1,H
F1,17/01/2025,20:05,Lille,Nice,2,1,H
F1,18/01/2025,16:00,Lens,Paris SG,1,2,A
F1,18/01/2025,18:00,Rennes,Brest,1,2,A
F1,18/01/2025,20:05,Lyon,Toulouse,0,0,D
F1,19/01/2025,14:00,St Etienne,Nantes,1,1,D
F1,19/01/2025,16:15,Angers,Auxerre,2,0,H
F1,19/01/2025,16:15,Reims,Le Havre,1,1,D
F1,19/01/2025,19:45,Marseille,Strasbourg,1,1,D
F1,24/01/2025,19:45,Auxerre,St Etienne,1,1,D
F1,25/01/2025,16:00,Monaco,Rennes,3,2,H
F1,25/01/2025,18:00,Strasbourg,Lille,2,1,H
F1,25/01/2025,20:05,Paris SG,Reims,1,1,D
F1,26/01/2025,14:00,Le Havre,Brest,0,1,A
F1,26/01/2025,16:15,Lens,Angers,1,0,H
F1,26/01/2025,16:15,Nantes,Lyon,1,1,D
F1,26/01/2025,16:15,Toulouse,Montpellier,1,2,A
F1,26/01/2025,19:45,Nice,Marseille,2,0,H
F1,31/01/2025,19:45,Montpellier,Lens,0,2,A
F1,01/02/2025,16:00,Brest,Paris SG,2,5,A
F1,01/02/2025,18:00,Monaco,Auxerre,4,2,H
F1,01/02/2025,20:05,Lille,St Etienne,4,1,H
F1,02/02/2025,14:00,Toulouse,Nice,1,1,D
F1,02/02/2025,16:15,Angers,Le Havre,1,1,D
F1,02/02/2025,16:15,Reims,Nantes,1,2,A
F1,02/02/2025,16:15,Rennes,Strasbourg,1,0,H
F1,02/02/2025,19:45,Marseille,Lyon,3,2,H
F1,07/02/2025,18:00,Nantes,Brest,0,2,A
F1,07/02/2025,20:05,Paris SG,Monaco,4,1,H
F1,08/02/2025,16:00,Nice,Lens,2,0,H
F1,08/02/2025,18:00,Lille,Le Havre,1,2,A
F1,08/02/2025,20:05,St Etienne,Rennes,0,2,A
F1,09/02/2025,14:00,Lyon,Reims,4,0,H
F1,09/02/2025,16:15,Auxerre,Toulouse,2,2,D
F1,09/02/2025,16:15,Strasbourg,Montpellier,2,0,H
F1,09/02/2025,19:45,Angers,Marseille,0,2,A
F1,14/02/2025,19:45,Brest,Auxerre,2,2,D
F1,15/02/2025,16:00,Marseille,St Etienne,5,1,H
F1,15/02/2025,18:00,Monaco,Nantes,7,1,H
F1,15/02/2025,20:05,Toulouse,Paris SG,0,1,A
F1,16/02/2025,14:00,Montpellier,Lyon,1,4,A
F1,16/02/2025,16:15,Le Havre,Nice,1,3,A
F1,16/02/2025,16:15,Lens,Strasbourg,0,2,A
F1,16/02/2025,16:15,Reims,Angers,0,1,A
F1,16/02/2025,19:45,Rennes,Lille,0,2,A
F1,21/02/2025,19:45,Rennes,Reims,1,0,H
F1,22/02/2025,16:00,Lille,Monaco,2,1,H
F1,22/02/2025,18:00,St Etienne,Angers,3,3,D
F1,22/02/2025,20:05,Auxerre,Marseille,3,0,H
F1,23/02/2025,14:00,Nantes,Lens,3,1,H
F1,23/02/2025,16:15,Le Havre,Toulouse,1,4,A
F1,23/02/2025,16:15,Nice,Montpellier,2,0,H
F1,23/02/2025,16:15,Strasbourg,Brest,0,0,D
F1,23/02/2025,19:45,Lyon,Paris SG,2,3,A
F1,28/02/2025,19:45,Monaco,Reims,3,0,H
F1,01/03/2025,16:00,St Etienne,Nice,1,3,A
F1,01/03/2025,18:00,Lens,Le Havre,3,4,A
F1,01/03/2025,20:05,Paris SG,Lille,4,1,H
F1,02/03/2025,14:00,Lyon,Brest,2,1,H
F1,02/03/2025,16:15,Angers,Toulouse,0,4,A
F1,02/03/2025,16:15,Auxerre,Strasbourg,0,1,A
F1,02/03/2025,16:15,Montpellier,Rennes,0,4,A
F1,02/03/2025,19:45,Marseille,Nantes,2,0,H
F1,07/03/2025,19:45,Toulouse,Monaco,1,1,D
F1,08/03/2025,16:00,Rennes,Paris SG,1,4,A
F1,08/03/2025,18:00,Lille,Montpellier,1,0,H
F1,08/03/2025,20:05,Marseille,Lens,0,1,A
F1,09/03/2025,14:00,Brest,Angers,2,0,H
F1,09/03/2025,16:15,Le Havre,St Etienne,1,1,D
F1,09/03/2025,16:15,Nantes,Strasbourg,0,1,A
F1,09/03/2025,16:15,Reims,Auxerre,0,2,A
F1,09/03/2025,19:45,Nice,Lyon,0,2,A
F1,14/03/2025,19:45,Nice,Auxerre,1,1,D
F1,15/03/2025,16:00,Nantes,Lille,1,0,H
F1,15/03/2025,18:00,Angers,Monaco,0,2,A
F1,15/03/2025,20:05,Lens,Rennes,1,0,H
F1,16/03/2025,14:00,Lyon,Le Havre,4,2,H
F1,16/03/2025,16:15,Brest,Reims,0,0,D
F1,16/03/2025,16:15,Montpellier,St Etienne,0,2,A
F1,16/03/2025,16:15,Strasbourg,Toulouse,2,1,H
F1,16/03/2025,19:45,Paris SG,Marseille,3,1,H
F1,28/03/2025,19:45,Strasbourg,Lyon,4,2,H
F1,29/03/2025,16:00,Reims,Marseille,3,1,H
F1,29/03/2025,18:00,St Etienne,Paris SG,1,6,A
F1,29/03/2025,20:05,Monaco,Nice,2,1,H
F1,30/03/2025,14:00,Toulouse,Brest,2,4,A
F1,30/03/2025,16:15,Angers,Rennes,0,3,A
F1,30/03/2025,16:15,Auxerre,Montpellier,1,0,H
F1,30/03/2025,16:15,Le Havre,Nantes,3,2,H
F1,30/03/2025,19:45,Lille,Lens,1,0,H
F1,04/04/2025,19:45,Nice,Nantes,1,2,A
F1,05/04/2025,16:00,Paris SG,Angers,1,0,H
F1,05/04/2025,18:00,Brest,Monaco,2,1,H
F1,05/04/2025,20:05,Lyon,Lille,2,1,H
F1,06/04/2025,14:00,Lens,St Etienne,1,0,H
F1,06/04/2025,16:15,Montpellier,Le Havre,0,2,A
F1,06/04/2025,16:15,Reims,Strasbourg,0,1,A
F1,06/04/2025,16:15,Rennes,Auxerre,0,1,A
F1,06/04/2025,19:45,Marseille,Toulouse,3,2,H
F1,11/04/2025,19:45,Lens,Reims,0,2,A
F1,12/04/2025,16:00,Monaco,Marseille,3,0,H
F1,12/04/2025,18:00,Toulouse,Lille,1,2,A
F1,12/04/2025,20:05,Strasbourg,Nice,2,2,D
F1,13/04/2025,14:00,St Etienne,Brest,3,3,D
F1,13/04/2025,16:15,Angers,Montpellier,2,0,H
F1,13/04/2025,16:15,Le Havre,Rennes,1,5,A
F1,13/04/2025,19:45,Auxerre,Lyon,1,3,A
F1,18/04/2025,19:45,Rennes,Nantes,2,1,H
F1,19/04/2025,16:00,Paris SG,Le Havre,2,1,H
F1,19/04/2025,18:00,Monaco,Strasbourg,0,0,D
F1,19/04/2025,20:05,Marseille,Montpellier,5,1,H
F1,20/04/2025,14:00,Lille,Auxerre,3,1,H
F1,20/04/2025,16:15,Brest,Lens,1,3,A
F1,20/04/2025,16:15,Nice,Angers,2,1,H
F1,20/04/2025,16:15,Reims,Toulouse,1,0,H
F1,20/04/2025,19:45,St Etienne,Lyon,2,1,H
F1,22/04/2025,19:45,Nantes,Paris SG,1,1,D
F1,25/04/2025,19:45,Paris SG,Nice,1,3,A
F1,26/04/2025,16:00,Strasbourg,St Etienne,3,1,H
F1,26/04/2025,18:00,Le Havre,Monaco,1,1,D
F1,26/04/2025,20:05,Lyon,Rennes,4,1,H
F1,27/04/2025,14:00,Angers,Lille,0,2,A
F1,27/04/2025,16:15,Lens,Auxerre,0,4,A
F1,27/04/2025,16:15,Montpellier,Reims,0,0,D
F1,27/04/2025,16:15,Nantes,Toulouse,0,0,D
F1,27/04/2025,19:45,Marseille,Brest,4,1,H
F1,02/05/2025,19:45,Nice,Reims,1,0,H
F1,03/05/2025,16:00,Strasbourg,Paris SG,2,1,H
F1,03/05/2025,18:00,Toulouse,Rennes,2,1,H
F1,03/05/2025,20:05,St Etienne,Monaco,1,3,A
F1,04/05/2025,14:00,Nantes,Angers,0,1,A
F1,04/05/2025,16:15,Auxerre,Le Havre,1,2,A
F1,04/05/2025,16:15,Brest,Montpellier,1,0,H
F1,04/05/2025,16:15,Lyon,Lens,1,2,A
F1,04/05/2025,19:45,Lille,Marseille,1,1,D
F1,10/05/2025,20:00,Angers,Strasbourg,2,1,H
F1,10/05/2025,20:00,Auxerre,Nantes,1,1,D
F1,10/05/2025,20:00,Brest,Lille,2,0,H
F1,10/05/2025,20:00,Le Havre,Marseille,1,3,A
F1,10/05/2025,20:00,Monaco,Lyon,2,0,H
F1,10/05/2025,20:00,Montpellier,Paris SG,1,4,A
F1,10/05/2025,20:00,Reims,St Etienne,0,2,A
F1,10/05/2025,20:00,Rennes,Nice,2,0,H
F1,10/05/2025,20:00,Toulouse,Lens,1,1,D
F1,17/05/2025,20:00,Lens,Monaco,4,0,H
F1,17/05/2025,20:00,Lille,Reims,2,1,H
F1,17/05/2025,20:00,Lyon,Angers,2,0,H
F1,17/05/2025,20:00,Marseille,Rennes,4,2,H
F1,17/05/2025,20:00,Nantes,Montpellier,3,0,H
F1,17/05/2025,20:00,Nice,Brest,6,0,H
F1,17/05/2025,20:00,Paris SG,Auxerre,3,1,H
F1,17/05/2025,20:00,St Etienne,Toulouse,2,3,A
F1,17/05/2025,20:00,Strasbourg,Le Havre,2,3,A
F1,05/08/2022,20:00,Lyon,Ajaccio,2,1,H
F1,06/08/2022,16:00,Strasbourg,Monaco,1,2,A
F1,06/08/2022,20:00,Clermont,Paris SG,0,5,A
F1,07/08/2022,12:00,Toulouse,Nice,1,1,D
F1,07/08/2022,14:00,Angers,Nantes,0,0,D
F1,07/08/2022,14:00,Lens,Brest,3,2,H
F1,07/08/2022,14:00,Lille,Auxerre,4,1,H
F1,07/08/2022,14:00,Montpellier,Troyes,3,2,H
F1,07/08/2022,16:05,Rennes,Lorient,0,1,A
F1,07/08/2022,19:45,Marseille,Reims,4,1,H
F1,12/08/2022,20:00,Nantes,Lille,1,1,D
F1,13/08/2022,16:00,Monaco,Rennes,1,1,D
F1,13/08/2022,20:00,Paris SG,Montpellier,5,2,H
F1,14/08/2022,14:00,Ajaccio,Lens,0,0,D
F1,14/08/2022,14:00,Auxerre,Angers,2,2,D
F1,14/08/2022,14:00,Reims,Clermont,2,4,A
F1,14/08/2022,14:00,Troyes,Toulouse,0,3,A
F1,14/08/2022,16:05,Nice,Strasbourg,1,1,D
F1,14/08/2022,19:45,Brest,Marseille,1,1,D
F1,19/08/2022,20:00,Lyon,Troyes,4,1,H
F1,20/08/2022,16:00,Monaco,Lens,1,4,A
F1,20/08/2022,20:00,Marseille,Nantes,2,1,H
F1,21/08/2022,12:00,Strasbourg,Reims,1,1,D
F1,21/08/2022,14:00,Angers,Brest,1,3,A
F1,21/08/2022,14:00,Clermont,Nice,1,0,H
F1,21/08/2022,14:00,Montpellier,Auxerre,1,2,A
F1,21/08/2022,14:00,Toulouse,Lorient,2,2,D
F1,21/08/2022,16:05,Rennes,Ajaccio,2,1,H
F1,21/08/2022,19:45,Lille,Paris SG,1,7,A
F1,26/08/2022,20:00,Ajaccio,Lille,1,3,A
F1,27/08/2022,16:00,Auxerre,Strasbourg,1,0,H
F1,27/08/2022,20:00,Lens,Rennes,2,1,H
F1,28/08/2022,12:00,Nantes,Toulouse,3,1,H
F1,28/08/2022,14:00,Brest,Montpellier,0,7,A
F1,28/08/2022,14:00,Lorient,Clermont,2,1,H
F1,28/08/2022,14:00,Nice,Marseille,0,3,A
F1,28/08/2022,14:00,Troyes,Angers,3,1,H
F1,28/08/2022,16:05,Reims,Lyon,1,1,D
F1,28/08/2022,19:45,Paris SG,Monaco,1,1,D
F1,31/08/2022,18:00,Angers,Reims,2,4,A
F1,31/08/2022,18:00,Lyon,Auxerre,2,1,H
F1,31/08/2022,18:00,Monaco,Troyes,2,4,A
F1,31/08/2022,18:00,Montpellier,Ajaccio,2,0,H
F1,31/08/2022,18:00,Strasbourg,Nantes,1,1,D
F1,31/08/2022,20:00,Lens,Lorient,5,2,H
F1,31/08/2022,20:00,Lille,Nice,1,2,A
F1,31/08/2022,20:00,Marseille,Clermont,1,0,H
F1,31/08/2022,20:00,Rennes,Brest,3,1,H
F1,31/08/2022,20:00,Toulouse,Paris SG,0,3,A
F1,03/09/2022,16:00,Auxerre,Marseille,0,2,A
F1,03/09/2022,18:00,Lyon,Angers,5,0,H
F1,03/09/2022,20:00,Nantes,Paris SG,0,3,A
F1,04/09/2022,12:00,Montpellier,Lille,1,3,A
F1,04/09/2022,14:00,Ajaccio,Lorient,0,1,A
F1,04/09/2022,14:00,Brest,Strasbourg,1,1,D
F1,04/09/2022,14:00,Clermont,Toulouse,2,0,H
F1,04/09/2022,14:00,Reims,Lens,1,1,D
F1,04/09/2022,16:05,Troyes,Rennes,1,1,D
F1,04/09/2022,19:45,Nice,Monaco,0,1,A
F1,07/09/2022,18:00,Lorient,Lyon,3,1,H
F1,09/09/2022,20:00,Lens,Troyes,1,0,H
F1,10/09/2022,16:00,Paris SG,Brest,1,0,H
F1,10/09/2022,20:00,Marseille,Lille,2,1,H
F1,11/09/2022,12:00,Strasbourg,Clermont,0,0,D
F1,11/09/2022,14:00,Ajaccio,Nice,0,1,A
F1,11/09/2022,14:00,Angers,Montpellier,2,1,H
F1,11/09/2022,14:00,Lorient,Nantes,3,2,H
F1,11/09/2022,14:00,Toulouse,Reims,1,0,H
F1,11/09/2022,16:05,Rennes,Auxerre,5,0,H
F1,11/09/2022,19:45,Monaco,Lyon,2,1,H
F1,16/09/2022,20:00,Auxerre,Lorient,1,3,A
F1,17/09/2022,16:00,Montpellier,Strasbourg,2,1,H
F1,17/09/2022,20:00,Lille,Toulouse,2,1,H
F1,18/09/2022,12:00,Reims,Monaco,0,3,A
F1,18/09/2022,14:00,Brest,Ajaccio,0,1,A
F1,18/09/2022,14:00,Clermont,Troyes,1,3,A
F1,18/09/2022,14:00,Marseille,Rennes,1,1,D
F1,18/09/2022,14:00,Nice,Angers,0,1,A
F1,18/09/2022,16:05,Nantes,Lens,0,0,D
F1,18/09/2022,19:45,Lyon,Paris SG,0,1,A
F1,30/09/2022,20:00,Angers,Marseille,0,3,A
F1,01/10/2022,16:00,Strasbourg,Rennes,1,3,A
F1,01/10/2022,20:00,Paris SG,Nice,2,1,H
F1,02/10/2022,12:00,Lorient,Lille,2,1,H
F1,02/10/2022,14:00,Ajaccio,Clermont,1,3,A
F1,02/10/2022,14:00,Auxerre,Brest,1,1,D
F1,02/10/2022,14:00,Toulouse,Montpellier,4,2,H
F1,02/10/2022,14:00,Troyes,Reims,2,2,D
F1,02/10/2022,16:05,Monaco,Nantes,4,1,H
F1,02/10/2022,19:45,Lens,Lyon,1,0,H
F1,07/10/2022,20:00,Lyon,Toulouse,1,1,D
F1,08/10/2022,16:00,Marseille,Ajaccio,1,2,A
F1,08/10/2022,20:00,Reims,Paris SG,0,0,D
F1,09/10/2022,12:00,Montpellier,Monaco,0,2,A
F1,09/10/2022,14:00,Angers,Strasbourg,2,3,A
F1,09/10/2022,14:00,Brest,Lorient,1,2,A
F1,09/10/2022,14:00,Clermont,Auxerre,2,1,H
F1,09/10/2022,14:00,Nice,Troyes,3,2,H
F1,09/10/2022,16:05,Rennes,Nantes,3,0,H
F1,09/10/2022,19:45,Lille,Lens,1,0,H
F1,14/10/2022,20:00,Strasbourg,Lille,0,3,A
F1,15/10/2022,16:00,Lorient,Reims,0,0,D
F1,15/10/2022,20:00,Lens,Montpellier,1,0,H
F1,16/10/2022,12:00,Toulouse,Angers,3,2,H
F1,16/10/2022,14:00,Auxerre,Nice,1,1,D
F1,16/10/2022,14:00,Nantes,Brest,4,1,H
F1,16/10/2022,14:00,Rennes,Lyon,3,2,H
F1,16/10/2022,14:00,Troyes,Ajaccio,1,1,D
F1,16/10/2022,16:05,Monaco,Clermont,1,1,D
F1,16/10/2022,19:45,Paris SG,Marseille,1,0,H
F1,21/10/2022,20:00,Ajaccio,Paris SG,0,3,A
F1,22/10/2022,16:00,Montpellier,Lyon,1,2,A
F1,22/10/2022,20:00,Marseille,Lens,0,1,A
F1,23/10/2022,12:00,Angers,Rennes,1,2,A
F1,23/10/2022,14:00,Clermont,Brest,1,3,A
F1,23/10/2022,14:00,Reims,Auxerre,2,1,H
F1,23/10/2022,14:00,Toulouse,Strasbourg,2,2,D
F1,23/10/2022,14:00,Troyes,Lorient,2,2,D
F1,23/10/2022,16:05,Nice,Nantes,1,1,D
F1,23/10/2022,19:45,Lille,Monaco,4,3,H
F1,28/10/2022,20:00,Lens,Toulouse,3,0,H
F1,29/10/2022,16:00,Paris SG,Troyes,4,3,H
F1,29/10/2022,20:00,Strasbourg,Marseille,2,2,D
F1,30/10/2022,12:00,Auxerre,Ajaccio,1,0,H
F1,30/10/2022,14:00,Brest,Reims,0,0,D
F1,30/10/2022,14:00,Monaco,Angers,2,0,H
F1,30/10/2022,14:00,Nantes,Clermont,1,1,D
F1,30/10/2022,14:00,Rennes,Montpellier,3,0,H
F1,30/10/2022,16:05,Lorient,Nice,1,2,A
F1,30/10/2022,19:45,Lyon,Lille,1,0,H
F1,04/11/2022,20:00,Troyes,Auxerre,1,1,D
F1,05/11/2022,16:00,Ajaccio,Strasbourg,4,2,H
F1,05/11/2022,20:00,Angers,Lens,1,2,A
F1,06/11/2022,12:00,Lorient,Paris SG,1,2,A
F1,06/11/2022,14:00,Clermont,Montpellier,1,1,D
F1,06/11/2022,14:00,Nice,Brest,1,0,H
F1,06/11/2022,14:00,Reims,Nantes,1,0,H
F1,06/11/2022,14:00,Toulouse,Monaco,0,2,A
F1,06/11/2022,16:05,Lille,Rennes,1,1,D
F1,06/11/2022,19:45,Marseille,Lyon,1,0,H
F1,11/11/2022,20:00,Lyon,Nice,1,1,D
F1,12/11/2022,16:00,Lens,Clermont,2,1,H
F1,12/11/2022,20:00,Rennes,Toulouse,2,1,H
F1,13/11/2022,12:00,Paris SG,Auxerre,5,0,H
F1,13/11/2022,14:00,Brest,Troyes,2,1,H
F1,13/11/2022,14:00,Lille,Angers,1,0,H
F1,13/11/2022,14:00,Montpellier,Reims,1,1,D
F1,13/11/2022,14:00,Nantes,Ajaccio,2,2,D
F1,13/11/2022,16:05,Strasbourg,Lorient,1,1,D
F1,13/11/2022,19:45,Monaco,Marseille,2,3,A
F1,28/12/2022,14:00,Ajaccio,Angers,1,0,H
F1,28/12/2022,14:00,Troyes,Nantes,0,0,D
F1,28/12/2022,16:00,Auxerre,Monaco,2,3,A
F1,28/12/2022,18:00,Clermont,Lille,0,2,A
F1,28/12/2022,20:00,Brest,Lyon,2,4,A
F1,28/12/2022,20:00,Paris SG,Strasbourg,2,1,H
F1,29/12/2022,16:00,Lorient,Montpellier,0,2,A
F1,29/12/2022,18:00,Reims,Rennes,3,1,H
F1,29/12/2022,20:00,Marseille,Toulouse,6,1,H
F1,29/12/2022,20:00,Nice,Lens,0,0,D
F1,01/01/2023,14:00,Angers,Lorient,1,2,A
F1,01/01/2023,14:00,Monaco,Brest,1,0,H
F1,01/01/2023,14:00,Nantes,Auxerre,1,0,H
F1,01/01/2023,14:00,Toulouse,Ajaccio,2,0,H
F1,01/01/2023,16:00,Lyon,Clermont,0,1,A
F1,01/01/2023,19:45,Lens,Paris SG,3,1,H
F1,02/01/2023,14:00,Strasbourg,Troyes,2,3,A
F1,02/01/2023,16:00,Lille,Reims,1,1,D
F1,02/01/2023,18:00,Montpellier,Marseille,1,2,A
F1,02/01/2023,20:00,Rennes,Nice,2,1,H
F1,11/01/2023,18:00,Ajaccio,Reims,0,1,A
F1,11/01/2023,18:00,Auxerre,Toulouse,0,5,A
F1,11/01/2023,18:00,Brest,Lille,0,0,D
F1,11/01/2023,18:00,Clermont,Rennes,2,1,H
F1,11/01/2023,18:00,Nantes,Lyon,0,0,D
F1,11/01/2023,20:00,Lorient,Monaco,2,2,D
F1,11/01/2023,20:00,Nice,Montpellier,6,1,H
F1,11/01/2023,20:00,Paris SG,Angers,2,0,H
F1,11/01/2023,20:00,Strasbourg,Lens,2,2,D
F1,11/01/2023,20:00,Troyes,Marseille,0,2,A
F1,14/01/2023,16:00,Lens,Auxerre,1,0,H
F1,14/01/2023,18:00,Marseille,Lorient,3,1,H
F1,14/01/2023,20:00,Lyon,Strasbourg,1,2,A
F1,15/01/2023,12:00,Lille,Troyes,5,1,H
F1,15/01/2023,14:00,Angers,Clermont,1,2,A
F1,15/01/2023,14:00,Montpellier,Nantes,0,3,A
F1,15/01/2023,14:00,Reims,Nice,0,0,D
F1,15/01/2023,14:00,Toulouse,Brest,1,1,D
F1,15/01/2023,16:05,Monaco,Ajaccio,7,1,H
F1,15/01/2023,19:45,Rennes,Paris SG,1,0,H
F1,27/01/2023,20:00,Lorient,Rennes,2,1,H
F1,28/01/2023,16:00,Troyes,Lens,1,1,D
F1,28/01/2023,20:00,Marseille,Monaco,1,1,D
F1,29/01/2023,12:00,Nice,Lille,1,0,H
F1,29/01/2023,14:00,Auxerre,Montpellier,0,2,A
F1,29/01/2023,14:00,Brest,Angers,4,0,H
F1,29/01/2023,14:00,Clermont,Nantes,0,0,D
F1,29/01/2023,14:00,Strasbourg,Toulouse,1,2,A
F1,29/01/2023,16:05,Ajaccio,Lyon,0,2,A
F1,29/01/2023,19:45,Paris SG,Reims,1,1,D
F1,01/02/2023,18:00,Angers,Ajaccio,1,2,A
F1,01/02/2023,18:00,Lille,Clermont,0,0,D
F1,01/02/2023,18:00,Nantes,Marseille,0,2,A
F1,01/02/2023,18:00,Reims,Lorient,4,2,H
F1,01/02/2023,18:00,Toulouse,Troyes,4,1,H
F1,01/02/2023,20:00,Lens,Nice,0,1,A
F1,01/02/2023,20:00,Lyon,Brest,0,0,D
F1,01/02/2023,20:00,Monaco,Auxerre,3,2,H
F1,01/02/2023,20:00,Montpellier,Paris SG,1,3,A
F1,01/02/2023,20:00,Rennes,Strasbourg,3,0,H
F1,04/02/2023,16:00,Paris SG,Toulouse,2,1,H
F1,04/02/2023,18:00,Troyes,Lyon,1,3,A
F1,04/02/2023,20:00,Rennes,Lille,1,3,A
F1,05/02/2023,12:00,Clermont,Monaco,0,2,A
F1,05/02/2023,14:00,Ajaccio,Nantes,0,2,A
F1,05/02/2023,14:00,Auxerre,Reims,0,0,D
F1,05/02/2023,14:00,Lorient,Angers,0,0,D
F1,05/02/2023,14:00,Strasbourg,Montpellier,2,0,H
F1,05/02/2023,16:05,Brest,Lens,1,1,D
F1,05/02/2023,19:45,Marseille,Nice,1,3,A
F1,10/02/2023,20:00,Nice,Ajaccio,3,0,H
F1,11/02/2023,16:00,Monaco,Paris SG,3,1,H
F1,11/02/2023,20:00,Clermont,Marseille,0,2,A
F1,12/02/2023,12:00,Toulouse,Rennes,3,1,H
F1,12/02/2023,14:00,Angers,Auxerre,1,1,D
F1,12/02/2023,14:00,Lille,Strasbourg,2,0,H
F1,12/02/2023,14:00,Montpellier,Brest,3,0,H
F1,12/02/2023,14:00,Reims,Troyes,4,0,H
F1,12/02/2023,16:05,Nantes,Lorient,1,0,H
F1,12/02/2023,19:45,Lyon,Lens,2,1,H
F1,17/02/2023,20:00,Auxerre,Lyon,2,1,H
F1,18/02/2023,16:00,Nice,Reims,0,0,D
F1,18/02/2023,20:00,Strasbourg,Angers,2,1,H
F1,19/02/2023,12:00,Paris SG,Lille,4,3,H
F1,19/02/2023,14:00,Brest,Monaco,1,2,A
F1,19/02/2023,14:00,Lorient,Ajaccio,3,0,H
F1,19/02/2023,14:00,Rennes,Clermont,2,0,H
F1,19/02/2023,14:00,Troyes,Montpellier,0,1,A
F1,19/02/2023,16:05,Lens,Nantes,3,1,H
F1,19/02/2023,19:45,Toulouse,Marseille,2,3,A
F1,24/02/2023,20:00,Lille,Brest,2,1,H
F1,25/02/2023,16:00,Angers,Lyon,1,3,A
F1,25/02/2023,20:00,Montpellier,Lens,1,1,D
F1,26/02/2023,12:00,Lorient,Auxerre,0,1,A
F1,26/02/2023,14:00,Ajaccio,Troyes,2,1,H
F1,26/02/2023,14:00,Clermont,Strasbourg,1,1,D
F1,26/02/2023,14:00,Nantes,Rennes,0,1,A
F1,26/02/2023,14:00,Reims,Toulouse,3,0,H
F1,26/02/2023,16:05,Monaco,Nice,0,3,A
F1,26/02/2023,19:45,Marseille,Paris SG,0,3,A
F1,03/03/2023,20:00,Nice,Auxerre,1,1,D
F1,04/03/2023,16:00,Lens,Lille,1,1,D
F1,04/03/2023,20:00,Paris SG,Nantes,4,2,H
F1,05/03/2023,12:00,Troyes,Monaco,2,2,D
F1,05/03/2023,14:00,Montpellier,Angers,5,0,H
F1,05/03/2023,14:00,Reims,Ajaccio,1,0,H
F1,05/03/2023,14:00,Strasbourg,Brest,0,1,A
F1,05/03/2023,14:00,Toulouse,Clermont,0,1,A
F1,05/03/2023,16:05,Lyon,Lorient,0,0,D
F1,05/03/2023,19:45,Rennes,Marseille,0,1,A
F1,10/03/2023,20:00,Lille,Lyon,3,3,D
F1,11/03/2023,16:00,Auxerre,Rennes,0,0,D
F1,11/03/2023,20:00,Brest,Paris SG,1,2,A
F1,12/03/2023,12:00,Clermont,Lens,0,4,A
F1,12/03/2023,14:00,Ajaccio,Montpellier,0,1,A
F1,12/03/2023,14:00,Angers,Toulouse,0,2,A
F1,12/03/2023,14:00,Lorient,Troyes,2,0,H
F1,12/03/2023,14:00,Nantes,Nice,2,2,D
F1,12/03/2023,16:05,Monaco,Reims,0,1,A
F1,12/03/2023,19:45,Marseille,Strasbourg,2,2,D
F1,17/03/2023,20:00,Lyon,Nantes,1,1,D
F1,18/03/2023,16:00,Toulouse,Lille,0,2,A
F1,18/03/2023,20:00,Lens,Angers,3,0,H
F1,19/03/2023,12:00,Ajaccio,Monaco,0,2,A
F1,19/03/2023,14:00,Montpellier,Clermont,2,1,H
F1,19/03/2023,14:00,Nice,Lorient,1,1,D
F1,19/03/2023,14:00,Strasbourg,Auxerre,2,0,H
F1,19/03/2023,14:00,Troyes,Brest,2,2,D
F1,19/03/2023,16:05,Paris SG,Rennes,0,2,A
F1,19/03/2023,19:45,Reims,Marseille,1,2,A
F1,31/03/2023,20:00,Marseille,Montpellier,1,1,D
F1,01/04/2023,16:00,Auxerre,Troyes,1,0,H
F1,01/04/2023,20:00,Rennes,Lens,0,1,A
F1,02/04/2023,12:00,Lille,Lorient,3,1,H
F1,02/04/2023,14:00,Angers,Nice,1,1,D
F1,02/04/2023,14:00,Brest,Toulouse,3,1,H
F1,02/04/2023,14:00,Clermont,Ajaccio,2,1,H
F1,02/04/2023,14:00,Nantes,Reims,0,3,A
F1,02/04/2023,16:05,Monaco,Strasbourg,4,3,H
F1,02/04/2023,19:45,Paris SG,Lyon,0,1,A
F1,07/04/2023,20:00,Lens,Strasbourg,2,1,H
F1,08/04/2023,16:00,Angers,Lille,1,0,H
F1,08/04/2023,20:00,Nice,Paris SG,0,2,A
F1,09/04/2023,12:00,Lyon,Rennes,3,1,H
F1,09/04/2023,14:00,Ajaccio,Auxerre,0,3,A
F1,09/04/2023,14:00,Montpellier,Toulouse,1,2,A
F1,09/04/2023,14:00,Reims,Brest,1,1,D
F1,09/04/2023,14:00,Troyes,Clermont,0,2,A
F1,09/04/2023,16:05,Nantes,Monaco,2,2,D
F1,09/04/2023,19:45,Lorient,Marseille,0,0,D
F1,14/04/2023,20:00,Toulouse,Lyon,1,2,A
F1,15/04/2023,16:00,Rennes,Reims,3,0,H
F1,15/04/2023,20:00,Paris SG,Lens,3,1,H
F1,16/04/2023,12:00,Lille,Montpellier,2,1,H
F1,16/04/2023,14:00,Auxerre,Nantes,2,1,H
F1,16/04/2023,14:00,Brest,Nice,1,0,H
F1,16/04/2023,14:00,Clermont,Angers,2,1,H
F1,16/04/2023,14:00,Strasbourg,Ajaccio,3,1,H
F1,16/04/2023,16:05,Monaco,Lorient,3,1,H
F1,16/04/2023,19:45,Marseille,Troyes,3,1,H
F1,21/04/2023,20:00,Angers,Paris SG,1,2,A
F1,22/04/2023,16:00,Auxerre,Lille,1,1,D
F1,22/04/2023,20:00,Lens,Monaco,3,0,H
F1,23/04/2023,12:00,Reims,Strasbourg,0,2,A
F1,23/04/2023,14:00,Ajaccio,Brest,0,0,D
F1,23/04/2023,14:00,Lorient,Toulouse,0,1,A
F1,23/04/2023,14:00,Nantes,Troyes,2,2,D
F1,23/04/2023,14:00,Nice,Clermont,1,2,A
F1,23/04/2023,16:05,Montpellier,Rennes,1,0,H
F1,23/04/2023,19:45,Lyon,Marseille,1,2,A
F1,28/04/2023,20:00,Strasbourg,Lyon,1,2,A
F1,29/04/2023,16:00,Lille,Ajaccio,3,0,H
F1,30/04/2023,12:00,Monaco,Montpellier,0,4,A
F1,30/04/2023,14:00,Clermont,Reims,1,0,H
F1,30/04/2023,14:00,Rennes,Angers,4,2,H
F1,30/04/2023,14:00,Troyes,Nice,0,1,A
F1,30/04/2023,16:05,Paris SG,Lorient,1,3,A
F1,30/04/2023,19:45,Marseille,Auxerre,2,1,H
F1,02/05/2023,20:00,Toulouse,Lens,0,1,A
F1,03/05/2023,20:00,Brest,Nantes,2,0,H
F1,06/05/2023,16:00,Nice,Rennes,2,1,H
F1,06/05/2023,18:00,Reims,Lille,1,0,H
F1,06/05/2023,20:00,Lens,Marseille,2,1,H
F1,07/05/2023,12:00,Angers,Monaco,1,2,A
F1,07/05/2023,14:00,Ajaccio,Toulouse,0,0,D
F1,07/05/2023,14:00,Auxerre,Clermont,1,1,D
F1,07/05/2023,14:00,Lorient,Brest,2,1,H
F1,07/05/2023,14:00,Nantes,Strasbourg,0,2,A
F1,07/05/2023,16:05,Lyon,Montpellier,5,4,H
F1,07/05/2023,19:45,Troyes,Paris SG,1,3,A
F1,12/05/2023,20:00,Lens,Reims,2,1,H
F1,13/05/2023,16:00,Strasbourg,Nice,2,0,H
F1,13/05/2023,20:00,Paris SG,Ajaccio,5,0,H
F1,14/05/2023,12:00,Clermont,Lyon,2,1,H
F1,14/05/2023,14:00,Brest,Auxerre,1,0,H
F1,14/05/2023,14:00,Montpellier,Lorient,1,1,D
F1,14/05/2023,14:00,Rennes,Troyes,4,0,H
F1,14/05/2023,14:00,Toulouse,Nantes,0,0,D
F1,14/05/2023,16:05,Monaco,Lille,0,0,D
F1,14/05/2023,19:45,Marseille,Angers,3,1,H
F1,19/05/2023,20:00,Lyon,Monaco,3,1,H
F1,20/05/2023,16:00,Nantes,Montpellier,0,3,A
F1,20/05/2023,20:00,Lille,Marseille,2,1,H
F1,21/05/2023,12:00,Ajaccio,Rennes,0,5,A
F1,21/05/2023,14:00,Brest,Clermont,2,1,H
F1,21/05/2023,14:00,Nice,Toulouse,0,0,D
F1,21/05/2023,14:00,Reims,Angers,2,2,D
F1,21/05/2023,14:00,Troyes,Strasbourg,1,1,D
F1,21/05/2023,16:05,Lorient,Lens,1,3,A
F1,21/05/2023,19:45,Auxerre,Paris SG,1,2,A
F1,27/05/2023,20:00,Angers,Troyes,2,1,H
F1,27/05/2023,20:00,Clermont,Lorient,2,0,H
F1,27/05/2023,20:00,Lens,Ajaccio,3,0,H
F1,27/05/2023,20:00,Lille,Nantes,2,1,H
F1,27/05/2023,20:00,Lyon,Reims,3,0,H
F1,27/05/2023,20:00,Marseille,Brest,1,2,A
F1,27/05/2023,20:00,Montpellier,Nice,2,3,A
F1,27/05/2023,20:00,Rennes,Monaco,2,0,H
F1,27/05/2023,20:00,Strasbourg,Paris SG,1,1,D
F1,27/05/2023,20:00,Toulouse,Auxerre,1,1,D
F1,03/06/2023,20:00,Ajaccio,Marseille,1,0,H
F1,03/06/2023,20:00,Auxerre,Lens,1,3,A
F1,03/06/2023,20:00,Brest,Rennes,1,2,A
F1,03/06/2023,20:00,Lorient,Strasbourg,2,1,H
F1,03/06/2023,20:00,Monaco,Toulouse,1,2,A
F1,03/06/2023,20:00,Nantes,Angers,1,0,H
F1,03/06/2023,20:00,Nice,Lyon,3,1,H
F1,03/06/2023,20:00,Paris SG,Clermont,2,3,A
F1,03/06/2023,20:00,Reims,Montpellier,1,3,A
F1,03/06/2023,20:00,Troyes,Lille,1,1,D
F1,11/08/2023,20:00,Nice,Lille,1,1,D
F1,12/08/2023,16:00,Marseille,Reims,2,1,H
F1,12/08/2023,20:00,Paris SG,Lorient,0,0,D
F1,13/08/2023,12:00,Brest,Lens,3,2,H
F1,13/08/2023,14:00,Clermont,Monaco,2,4,A
F1,13/08/2023,14:00,Montpellier,Le Havre,2,2,D
F1,13/08/2023,14:00,Nantes,Toulouse,1,2,A
F1,13/08/2023,16:05,Rennes,Metz,5,1,H
F1,13/08/2023,19:45,Strasbourg,Lyon,2,1,H
F1,18/08/2023,20:00,Metz,Marseille,2,2,D
F1,19/08/2023,18:00,Lyon,Montpellier,1,4,A
F1,19/08/2023,20:00,Toulouse,Paris SG,1,1,D
F1,20/08/2023,12:00,Lille,Nantes,2,0,H
F1,20/08/2023,14:00,Le Havre,Brest,1,2,A
F1,20/08/2023,14:00,Lorient,Nice,1,1,D
F1,20/08/2023,14:00,Reims,Clermont,2,0,H
F1,20/08/2023,16:05,Monaco,Strasbourg,3,0,H
F1,20/08/2023,19:45,Lens,Rennes,1,1,D
F1,25/08/2023,20:00,Nantes,Monaco,3,3,D
F1,26/08/2023,18:00,Marseille,Brest,2,0,H
F1,26/08/2023,20:00,Paris SG,Lens,3,1,H
F1,27/08/2023,12:00,Rennes,Le Havre,2,2,D
F1,27/08/2023,14:00,Clermont,Metz,0,1,A
F1,27/08/2023,14:00,Montpellier,Reims,1,3,A
F1,27/08/2023,14:00,Strasbourg,Toulouse,2,0,H
F1,27/08/2023,16:05,Lorient,Lille,4,1,H
F1,27/08/2023,19:45,Nice,Lyon,0,0,D
F1,01/09/2023,20:00,Nantes,Marseille,1,1,D
F1,02/09/2023,16:00,Brest,Rennes,0,0,D
F1,02/09/2023,20:00,Monaco,Lens,3,0,H
F1,03/09/2023,12:00,Toulouse,Clermont,2,2,D
F1,03/09/2023,14:00,Le Havre,Lorient,3,0,H
F1,03/09/2023,14:00,Lille,Montpellier,1,0,H
F1,03/09/2023,14:00,Metz,Reims,2,2,D
F1,03/09/2023,16:05,Nice,Strasbourg,2,0,H
F1,03/09/2023,19:45,Lyon,Paris SG,1,4,A
F1,15/09/2023,20:00,Paris SG,Nice,2,3,A
F1,16/09/2023,16:00,Rennes,Lille,2,2,D
F1,16/09/2023,20:00,Lens,Metz,0,1,A
F1,17/09/2023,12:00,Lorient,Monaco,2,2,D
F1,17/09/2023,14:00,Clermont,Nantes,0,1,A
F1,17/09/2023,14:00,Reims,Brest,1,2,A
F1,17/09/2023,14:00,Strasbourg,Montpellier,2,2,D
F1,17/09/2023,16:05,Marseille,Toulouse,0,0,D
F1,17/09/2023,19:45,Lyon,Le Havre,0,0,D
F1,22/09/2023,20:00,Monaco,Nice,0,1,A
F1,23/09/2023,16:00,Nantes,Lorient,5,3,H
F1,23/09/2023,20:00,Brest,Lyon,1,0,H
F1,24/09/2023,12:00,Metz,Strasbourg,0,1,A
F1,24/09/2023,14:00,Le Havre,Clermont,2,1,H
F1,24/09/2023,14:00,Lens,Toulouse,2,1,H
F1,24/09/2023,16:05,Montpellier,Rennes,0,0,D
F1,24/09/2023,19:45,Paris SG,Marseille,4,0,H
F1,26/09/2023,20:00,Lille,Reims,1,2,A
F1,29/09/2023,20:00,Strasbourg,Lens,0,1,A
F1,30/09/2023,16:00,Clermont,Paris SG,0,0,D
F1,30/09/2023,20:00,Monaco,Marseille,3,2,H
F1,01/10/2023,12:00,Reims,Lyon,2,0,H
F1,01/10/2023,14:00,Le Havre,Lille,0,2,A
F1,01/10/2023,14:00,Nice,Brest,0,0,D
F1,01/10/2023,14:00,Toulouse,Metz,3,0,H
F1,01/10/2023,16:05,Lorient,Montpellier,0,3,A
F1,01/10/2023,19:45,Rennes,Nantes,3,1,H
F1,06/10/2023,20:00,Strasbourg,Nantes,1,2,A
F1,07/10/2023,16:00,Metz,Nice,0,1,A
F1,07/10/2023,20:00,Reims,Monaco,1,3,A
F1,08/10/2023,12:00,Marseille,Le Havre,3,0,H
F1,08/10/2023,14:00,Brest,Toulouse,1,1,D
F1,08/10/2023,14:00,Lyon,Lorient,3,3,D
F1,08/10/2023,16:05,Lens,Lille,1,1,D
F1,08/10/2023,19:45,Rennes,Paris SG,1,3,A
F1,20/10/2023,20:00,Le Havre,Lens,0,0,D
F1,21/10/2023,16:00,Paris SG,Strasbourg,3,0,H
F1,21/10/2023,20:00,Nice,Marseille,1,0,H
F1,22/10/2023,12:00,Lorient,Rennes,2,1,H
F1,22/10/2023,14:00,Lille,Brest,1,0,H
F1,22/10/2023,14:00,Nantes,Montpellier,2,0,H
F1,22/10/2023,14:00,Toulouse,Reims,1,1,D
F1,22/10/2023,16:05,Monaco,Metz,2,1,H
F1,22/10/2023,19:45,Lyon,Clermont,1,2,A
F1,27/10/2023,20:00,Clermont,Nice,0,1,A
F1,28/10/2023,16:00,Reims,Lorient,1,0,H
F1,28/10/2023,20:00,Lens,Nantes,4,0,H
F1,29/10/2023,12:00,Brest,Paris SG,2,3,A
F1,29/10/2023,14:00,Lille,Monaco,2,0,H
F1,29/10/2023,14:00,Metz,Le Havre,0,0,D
F1,29/10/2023,14:00,Montpellier,Toulouse,3,0,H
F1,29/10/2023,16:05,Rennes,Strasbourg,1,1,D
F1,03/11/2023,20:00,Paris SG,Montpellier,3,0,H
F1,04/11/2023,16:00,Lorient,Lens,0,0,D
F1,04/11/2023,20:00,Marseille,Lille,0,0,D
F1,05/11/2023,12:00,Lyon,Metz,1,1,D
F1,05/11/2023,14:00,Nantes,Reims,0,1,A
F1,05/11/2023,14:00,Strasbourg,Clermont,0,0,D
F1,05/11/2023,14:00,Toulouse,Le Havre,1,2,A
F1,05/11/2023,16:05,Monaco,Brest,2,0,H
F1,05/11/2023,19:45,Nice,Rennes,2,0,H
F1,10/11/2023,20:00,Montpellier,Nice,0,0,D
F1,11/11/2023,16:00,Reims,Paris SG,0,3,A
F1,11/11/2023,20:00,Le Havre,Monaco,0,0,D
F1,12/11/2023,14:00,Clermont,Lorient,1,0,H
F1,12/11/2023,14:00,Lille,Toulouse,1,1,D
F1,12/11/2023,14:00,Metz,Nantes,3,1,H
F1,12/11/2023,16:05,Rennes,Lyon,0,1,A
F1,12/11/2023,19:45,Lens,Marseille,1,0,H
F1,24/11/2023,20:00,Paris SG,Monaco,5,2,H
F1,25/11/2023,16:00,Clermont,Lens,0,3,A
F1,25/11/2023,20:00,Strasbourg,Marseille,1,1,D
F1,26/11/2023,12:00,Nice,Toulouse,1,0,H
F1,26/11/2023,14:00,Lorient,Metz,2,3,A
F1,26/11/2023,14:00,Montpellier,Brest,1,3,A
F1,26/11/2023,14:00,Nantes,Le Havre,0,0,D
F1,26/11/2023,16:05,Rennes,Reims,3,1,H
F1,26/11/2023,19:45,Lyon,Lille,0,2,A
F1,29/11/2023,18:00,Montpellier,Clermont,1,1,D
F1,01/12/2023,20:00,Reims,Strasbourg,2,1,H
F1,02/12/2023,16:00,Lens,Lyon,3,2,H
F1,02/12/2023,20:00,Nantes,Nice,1,0,H
F1,03/12/2023,12:00,Le Havre,Paris SG,0,2,A
F1,03/12/2023,14:00,Brest,Clermont,3,0,H
F1,03/12/2023,14:00,Monaco,Montpellier,2,0,H
F1,03/12/2023,14:00,Toulouse,Lorient,1,1,D
F1,03/12/2023,16:05,Lille,Metz,2,0,H
F1,03/12/2023,19:45,Marseille,Rennes,2,0,H
F1,06/12/2023,20:00,Marseille,Lyon,3,0,H
F1,07/12/2023,19:30,Brest,Strasbourg,1,1,D
F1,08/12/2023,20:00,Montpellier,Lens,0,0,D
F1,09/12/2023,16:00,Rennes,Monaco,1,2,A
F1,09/12/2023,20:00,Paris SG,Nantes,2,1,H
F1,10/12/2023,12:00,Nice,Reims,2,1,H
F1,10/12/2023,14:00,Clermont,Lille,0,0,D
F1,10/12/2023,14:00,Metz,Brest,0,1,A
F1,10/12/2023,14:00,Strasbourg,Le Havre,2,1,H
F1,10/12/2023,16:05,Lyon,Toulouse,3,0,H
F1,10/12/2023,19:45,Lorient,Marseille,2,4,A
F1,15/12/2023,20:00,Monaco,Lyon,0,1,A
F1,16/12/2023,16:00,Le Havre,Nice,3,1,H
F1,16/12/2023,20:00,Lens,Reims,2,0,H
F1,17/12/2023,12:00,Nantes,Brest,0,2,A
F1,17/12/2023,14:00,Lorient,Strasbourg,1,2,A
F1,17/12/2023,14:00,Metz,Montpellier,0,1,A
F1,17/12/2023,14:00,Toulouse,Rennes,0,0,D
F1,17/12/2023,16:05,Marseille,Clermont,2,1,H
F1,17/12/2023,19:45,Lille,Paris SG,1,1,D
F1,20/12/2023,20:00,Brest,Lorient,4,0,H
F1,20/12/2023,20:00,Clermont,Rennes,1,3,A
F1,20/12/2023,20:00,Lyon,Nantes,1,0,H
F1,20/12/2023,20:00,Montpellier,Marseille,1,1,D
F1,20/12/2023,20:00,Nice,Lens,2,0,H
F1,20/12/2023,20:00,Paris SG,Metz,3,1,H
F1,20/12/2023,20:00,Reims,Le Havre,1,0,H
F1,20/12/2023,20:00,Strasbourg,Lille,2,1,H
F1,20/12/2023,20:00,Toulouse,Monaco,1,2,A
F1,12/01/2024,20:00,Marseille,Strasbourg,1,1,D
F1,13/01/2024,16:00,Monaco,Reims,1,3,A
F1,13/01/2024,20:00,Rennes,Nice,2,0,H
F1,14/01/2024,12:00,Lille,Lorient,3,0,H
F1,14/01/2024,14:00,Brest,Montpellier,2,0,H
F1,14/01/2024,14:00,Metz,Toulouse,0,1,A
F1,14/01/2024,14:00,Nantes,Clermont,1,2,A
F1,14/01/2024,16:05,Le Havre,Lyon,3,1,H
F1,14/01/2024,19:45,Lens,Paris SG,0,2,A
F1,26/01/2024,20:00,Lyon,Rennes,2,3,A
F1,27/01/2024,16:00,Nice,Metz,1,0,H
F1,27/01/2024,20:00,Marseille,Monaco,2,2,D
F1,28/01/2024,12:00,Montpellier,Lille,0,0,D
F1,28/01/2024,14:00,Clermont,Strasbourg,1,1,D
F1,28/01/2024,14:00,Lorient,Le Havre,3,3,D
F1,28/01/2024,14:00,Reims,Nantes,0,0,D
F1,28/01/2024,16:05,Toulouse,Lens,0,2,A
F1,28/01/2024,19:45,Paris SG,Brest,2,2,D
F1,02/02/2024,20:00,Strasbourg,Paris SG,1,2,A
F1,03/02/2024,16:00,Rennes,Montpellier,2,1,H
F1,03/02/2024,20:00,Nantes,Lens,0,1,A
F1,04/02/2024,12:00,Monaco,Le Havre,1,1,D
F1,04/02/2024,14:00,Lille,Clermont,4,0,H
F1,04/02/2024,14:00,Metz,Lorient,1,2,A
F1,04/02/2024,14:00,Reims,Toulouse,2,3,A
F1,04/02/2024,16:05,Brest,Nice,0,0,D
F1,04/02/2024,19:45,Lyon,Marseille,1,0,H
F1,09/02/2024,20:00,Marseille,Metz,1,1,D
F1,10/02/2024,16:00,Lens,Strasbourg,3,1,H
F1,10/02/2024,20:00,Paris SG,Lille,3,1,H
F1,11/02/2024,12:00,Le Havre,Rennes,0,1,A
F1,11/02/2024,14:00,Clermont,Brest,1,1,D
F1,11/02/2024,14:00,Lorient,Reims,2,0,H
F1,11/02/2024,14:00,Toulouse,Nantes,1,2,A
F1,11/02/2024,16:05,Montpellier,Lyon,1,2,A
F1,11/02/2024,19:45,Nice,Monaco,2,3,A
F1,16/02/2024,20:00,Lyon,Nice,1,0,H
F1,17/02/2024,16:00,Lille,Le Havre,3,0,H
F1,17/02/2024,20:00,Nantes,Paris SG,0,2,A
F1,18/02/2024,12:00,Strasbourg,Lorient,1,3,A
F1,18/02/2024,14:00,Monaco,Toulouse,1,2,A
F1,18/02/2024,14:00,Montpellier,Metz,3,0,H
F1,18/02/2024,14:00,Rennes,Clermont,3,1,H
F1,18/02/2024,16:05,Reims,Lens,1,1,D
F1,18/02/2024,19:45,Brest,Marseille,1,0,H
F1,23/02/2024,20:00,Metz,Lyon,1,2,A
F1,24/02/2024,16:00,Lorient,Nantes,0,1,A
F1,24/02/2024,20:00,Strasbourg,Brest,0,3,A
F1,25/02/2024,12:00,Lens,Monaco,2,3,A
F1,25/02/2024,14:00,Le Havre,Reims,1,2,A
F1,25/02/2024,14:00,Nice,Clermont,0,0,D
F1,25/02/2024,14:00,Toulouse,Lille,3,1,H
F1,25/02/2024,16:05,Paris SG,Rennes,1,1,D
F1,25/02/2024,19:45,Marseille,Montpellier,4,1,H
F1,01/03/2024,20:00,Monaco,Paris SG,0,0,D
F1,02/03/2024,16:00,Reims,Lille,0,1,A
F1,02/03/2024,20:00,Clermont,Marseille,1,5,A
F1,03/03/2024,12:00,Toulouse,Nice,2,1,H
F1,03/03/2024,14:00,Brest,Le Havre,1,0,H
F1,03/03/2024,14:00,Montpellier,Strasbourg,2,2,D
F1,03/03/2024,14:00,Nantes,Metz,0,2,A
F1,03/03/2024,16:05,Rennes,Lorient,1,2,A
F1,03/03/2024,19:45,Lyon,Lens,0,3,A
F1,08/03/2024,20:00,Nice,Montpellier,1,2,A
F1,09/03/2024,16:00,Lorient,Lyon,0,2,A
F1,09/03/2024,20:00,Lens,Brest,1,0,H
F1,10/03/2024,12:00,Paris SG,Reims,2,2,D
F1,10/03/2024,14:00,Le Havre,Toulouse,1,0,H
F1,10/03/2024,14:00,Metz,Clermont,1,0,H
F1,10/03/2024,14:00,Strasbourg,Monaco,0,1,A
F1,10/03/2024,16:05,Lille,Rennes,2,2,D
F1,10/03/2024,19:45,Marseille,Nantes,2,0,H
F1,15/03/2024,20:00,Toulouse,Lyon,2,3,A
F1,16/03/2024,16:00,Nantes,Strasbourg,1,3,A
F1,16/03/2024,20:00,Lens,Nice,1,3,A
F1,17/03/2024,12:00,Brest,Lille,1,1,D
F1,17/03/2024,14:00,Clermont,Le Havre,2,1,H
F1,17/03/2024,14:00,Monaco,Lorient,2,2,D
F1,17/03/2024,14:00,Reims,Metz,2,1,H
F1,17/03/2024,16:05,Rennes,Marseille,2,0,H
F1,17/03/2024,19:45,Montpellier,Paris SG,2,6,A
F1,29/03/2024,20:00,Lille,Lens,2,1,H
F1,30/03/2024,16:00,Metz,Monaco,2,5,A
F1,30/03/2024,20:00,Lyon,Reims,1,1,D
F1,31/03/2024,12:00,Lorient,Brest,0,1,A
F1,31/03/2024,14:00,Clermont,Toulouse,0,3,A
F1,31/03/2024,14:00,Le Havre,Montpellier,0,2,A
F1,31/03/2024,14:00,Nice,Nantes,1,2,A
F1,31/03/2024,16:05,Strasbourg,Rennes,2,0,H
F1,31/03/2024,19:45,Marseille,Paris SG,0,2,A
F1,05/04/2024,20:00,Lille,Marseille,3,1,H
F1,06/04/2024,16:00,Lens,Le Havre,1,1,D
F1,06/04/2024,20:00,Paris SG,Clermont,1,1,D
F1,07/04/2024,12:00,Brest,Metz,4,3,H
F1,07/04/2024,14:00,Montpellier,Lorient,2,0,H
F1,07/04/2024,14:00,Reims,Nice,0,0,D
F1,07/04/2024,14:00,Toulouse,Strasbourg,0,0,D
F1,07/04/2024,16:05,Monaco,Rennes,1,0,H
F1,07/04/2024,19:45,Nantes,Lyon,1,3,A
F1,12/04/2024,20:00,Metz,Lens,2,1,H
F1,13/04/2024,16:00,Strasbourg,Reims,3,1,H
F1,13/04/2024,20:00,Rennes,Toulouse,1,2,A
F1,14/04/2024,12:00,Le Havre,Nantes,0,1,A
F1,14/04/2024,14:00,Clermont,Montpellier,1,1,D
F1,14/04/2024,19:45,Lyon,Brest,4,3,H
F1,19/04/2024,20:00,Nice,Lorient,3,0,H
F1,20/04/2024,16:00,Nantes,Rennes,0,3,A
F1,20/04/2024,20:00,Lens,Clermont,1,0,H
F1,21/04/2024,14:00,Le Havre,Metz,0,1,A
F1,21/04/2024,14:00,Lille,Strasbourg,1,0,H
F1,21/04/2024,14:00,Reims,Montpellier,1,2,A
F1,21/04/2024,16:05,Brest,Monaco,0,2,A
F1,21/04/2024,18:00,Toulouse,Marseille,2,2,D
F1,21/04/2024,20:00,Paris SG,Lyon,4,1,H
F1,24/04/2024,18:00,Lorient,Paris SG,1,4,A
F1,24/04/2024,20:00,Marseille,Nice,2,2,D
F1,24/04/2024,20:00,Monaco,Lille,1,0,H
F1,26/04/2024,20:00,Montpellier,Nantes,1,1,D
F1,27/04/2024,20:00,Paris SG,Le Havre,3,3,D
F1,28/04/2024,12:00,Metz,Lille,1,2,A
F1,28/04/2024,14:00,Clermont,Reims,4,1,H
F1,28/04/2024,14:00,Lorient,Toulouse,1,2,A
F1,28/04/2024,14:00,Strasbourg,Nice,1,3,A
F1,28/04/2024,16:05,Rennes,Brest,4,5,A
F1,28/04/2024,18:00,Lyon,Monaco,3,2,H
F1,28/04/2024,20:00,Marseille,Lens,2,1,H
F1,03/05/2024,18:00,Toulouse,Montpellier,1,2,A
F1,03/05/2024,20:00,Lens,Lorient,2,0,H
F1,04/05/2024,14:00,Le Havre,Strasbourg,3,1,H
F1,04/05/2024,16:00,Monaco,Clermont,4,1,H
F1,04/05/2024,18:00,Metz,Rennes,2,3,A
F1,04/05/2024,20:00,Brest,Nantes,0,0,D
F1,06/05/2024,20:00,Lille,Lyon,3,4,A
F1,10/05/2024,20:00,Brest,Reims,1,1,D
F1,10/05/2024,20:00,Nice,Le Havre,1,0,H
F1,12/05/2024,20:00,Clermont,Lyon,0,1,A
F1,12/05/2024,20:00,Marseille,Lorient,3,1,H
F1,12/05/2024,20:00,Montpellier,Monaco,0,2,A
F1,12/05/2024,20:00,Nantes,Lille,1,2,A
F1,12/05/2024,20:00,Paris SG,Toulouse,1,3,A
F1,12/05/2024,20:00,Rennes,Lens,1,1,D
F1,12/05/2024,20:00,Strasbourg,Metz,2,1,H
F1,15/05/2024,20:00,Nice,Paris SG,1,2,A
F1,15/05/2024,20:00,Reims,Marseille,1,0,H
F1,19/05/2024,20:00,Le Havre,Marseille,1,2,A
F1,19/05/2024,20:00,Lens,Montpellier,2,2,D
F1,19/05/2024,20:00,Lille,Nice,2,2,D
F1,19/05/2024,20:00,Lorient,Clermont,5,0,H
F1,19/05/2024,20:00,Lyon,Strasbourg,2,1,H
F1,19/05/2024,20:00,Metz,Paris SG,0,2,A
F1,19/05/2024,20:00,Monaco,Nantes,4,0,H
F1,19/05/2024,20:00,Reims,Rennes,2,1,H
F1,19/05/2024,20:00,Toulouse,Brest,0,3,A
F1,15/08/2025,19:45,Rennes,Marseille,1,0,H
F1,16/08/2025,16:00,Lens,Lyon,0,1,A
F1,16/08/2025,18:00,Monaco,Le Havre,3,1,H
F1,16/08/2025,20:05,Nice,Toulouse,0,1,A
F1,17/08/2025,14:00,Brest,Lille,3,3,D
F1,17/08/2025,16:15,Angers,Paris FC,1,0,H
F1,17/08/2025,16:15,Auxerre,Lorient,1,0,H
F1,17/08/2025,16:15,Metz,Strasbourg,0,1,A
F1,17/08/2025,19:45,Nantes,Paris SG,0,1,A
F1,22/08/2025,19:45,Paris SG,Angers,1,0,H
F1,23/08/2025,16:00,Marseille,Paris FC,5,2,H
F1,23/08/2025,18:00,Nice,Auxerre,3,1,H
F1,23/08/2025,20:05,Lyon,Metz,3,0,H
F1,24/08/2025,14:00,Lorient,Rennes,4,0,H
F1,24/08/2025,16:15,Le Havre,Lens,1,2,A
F1,24/08/2025,16:15,Strasbourg,Nantes,1,0,H
F1,24/08/2025,16:15,Toulouse,Brest,2,0,H
F1,24/08/2025,19:45,Lille,Monaco,1,0,H
F1,29/08/2025,19:45,Lens,Brest,3,1,H
F1,30/08/2025,16:00,Lorient,Lille,1,7,A
F1,30/08/2025,18:00,Nantes,Auxerre,1,0,H
F1,30/08/2025,20:05,Toulouse,Paris SG,3,6,A
F1,31/08/2025,14:00,Angers,Rennes,1,1,D
F1,31/08/2025,16:15,Le Havre,Nice,3,1,H
F1,31/08/2025,16:15,Monaco,Strasbourg,3,2,H
F1,31/08/2025,16:15,Paris FC,Metz,3,2,H
F1,31/08/2025,19:45,Lyon,Marseille,1,0,H
F1,12/09/2025,19:45,Marseille,Lorient,4,0,H
F1,13/09/2025,16:00,Nice,Nantes,1,0,H
F1,13/09/2025,20:05,Auxerre,Monaco,1,2,A
F1,14/09/2025,14:00,Lille,Toulouse,2,1,H
F1,14/09/2025,16:15,Brest,Paris FC,1,2,A
F1,14/09/2025,16:15,Metz,Angers,1,1,D
F1,14/09/2025,16:15,Paris SG,Lens,2,0,H
F1,14/09/2025,16:15,Strasbourg,Le Havre,1,0,H
F1,14/09/2025,19:45,Rennes,Lyon,3,1,H
F1,19/09/2025,19:45,Lyon,Angers,1,0,H
F1,20/09/2025,16:00,Nantes,Rennes,2,2,D
F1,20/09/2025,18:00,Brest,Nice,4,1,H
F1,20/09/2025,20:05,Lens,Lille,3,0,H
F1,21/09/2025,14:00,Paris FC,Strasbourg,2,3,A
F1,21/09/2025,16:15,Auxerre,Toulouse,1,0,H
F1,21/09/2025,16:15,Le Havre,Lorient,1,1,D
F1,21/09/2025,16:15,Monaco,Metz,5,2,H
F1,22/09/2025,22:00,Marseille,Paris SG,1,0,H
F1,26/09/2025,19:45,Strasbourg,Marseille,1,2,A
F1,27/09/2025,16:00,Lorient,Monaco,3,1,H
F1,27/09/2025,18:00,Toulouse,Nantes,2,2,D
F1,27/09/2025,20:05,Paris SG,Auxerre,2,0,H
F1,28/09/2025,14:00,Nice,Paris FC,1,1,D
F1,28/09/2025,16:15,Angers,Brest,0,2,A
F1,28/09/2025,16:15,Lille,Lyon,0,1,A
F1,28/09/2025,16:15,Metz,Le Havre,0,0,D
F1,28/09/2025,19:45,Rennes,Lens,0,0,D
F1,03/10/2025,19:45,Paris FC,Lorient,2,0,H
F1,04/10/2025,16:00,Metz,Marseille,0,3,A
F1,04/10/2025,18:00,Brest,Nantes,0,0,D
F1,04/10/2025,20:05,Auxerre,Lens,1,2,A
F1,05/10/2025,14:00,Lyon,Toulouse,1,2,A
F1,05/10/2025,16:15,Le Havre,Rennes,2,2,D
F1,05/10/2025,16:15,Monaco,Nice,2,2,D
F1,05/10/2025,16:15,Strasbourg,Angers,5,0,H
F1,05/10/2025,19:45,Lille,Paris SG,1,1,D
F1,17/10/2025,19:45,Paris SG,Strasbourg,3,3,D
F1,18/10/2025,16:00,Nice,Lyon,3,2,H
F1,18/10/2025,18:00,Angers,Monaco,1,1,D
F1,18/10/2025,20:05,Marseille,Le Havre,6,2,H
F1,19/10/2025,14:00,Lens,Paris FC,2,1,H
F1,19/10/2025,16:15,Lorient,Brest,3,3,D
F1,19/10/2025,16:15,Rennes,Auxerre,2,2,D
F1,19/10/2025,16:15,Toulouse,Metz,4,0,H
F1,19/10/2025,19:45,Nantes,Lille,0,2,A
F1,24/10/2025,19:45,Paris FC,Nantes,1,2,A
F1,25/10/2025,16:00,Brest,Paris SG,0,3,A
F1,25/10/2025,18:00,Monaco,Toulouse,1,0,H
F1,25/10/2025,20:05,Lens,Marseille,2,1,H
F1,26/10/2025,14:00,Lille,Metz,6,1,H
F1,26/10/2025,16:15,Angers,Lorient,2,0,H
F1,26/10/2025,16:15,Auxerre,Le Havre,0,1,A
F1,26/10/2025,16:15,Rennes,Nice,1,2,A
F1,26/10/2025,19:45,Lyon,Strasbourg,2,1,H
F1,29/10/2025,18:00,Le Havre,Brest,1,0,H
F1,29/10/2025,18:00,Lorient,Paris SG,1,1,D
F1,29/10/2025,18:00,Metz,Lens,2,0,H
F1,29/10/2025,18:00,Nice,Lille,2,0,H
F1,29/10/2025,20:05,Marseille,Angers,2,2,D
F1,29/10/2025,20:05,Nantes,Monaco,3,5,A
F1,29/10/2025,20:05,Paris FC,Lyon,3,3,D
F1,29/10/2025,20:05,Strasbourg,Auxerre,3,0,H
F1,29/10/2025,20:05,Toulouse,Rennes,2,2,D
F1,01/11/2025,16:00,Paris SG,Nice,1,0,H
F1,01/11/2025,18:00,Monaco,Paris FC,0,1,A
F1,01/11/2025,20:05,Auxerre,Marseille,0,1,A
F1,02/11/2025,14:00,Rennes,Strasbourg,4,1,H
F1,02/11/2025,16:15,Lens,Lorient,3,0,H
F1,02/11/2025,16:15,Lille,Angers,1,0,H
F1,02/11/2025,16:15,Nantes,Metz,0,2,A
F1,02/11/2025,16:15,Toulouse,Le Havre,0,0,D
F1,02/11/2025,19:45,Brest,Lyon,0,0,D
F1,07/11/2025,19:45,Paris FC,Rennes,0,1,A
F1,08/11/2025,16:00,Marseille,Brest,3,0,H
F1,08/11/2025,18:00,Le Havre,Nantes,1,1,D
F1,08/11/2025,20:05,Monaco,Lens,1,4,A
F1,09/11/2025,14:00,Lorient,Toulouse,1,1,D
F1,09/11/2025,16:15,Angers,Auxerre,2,0,H
F1,09/11/2025,16:15,Metz,Nice,2,1,H
F1,09/11/2025,16:15,Strasbourg,Lille,2,0,H
F1,09/11/2025,19:45,Lyon,Paris SG,2,3,A
F1,21/11/2025,19:45,Nice,Marseille,1,5,A
F1,22/11/2025,16:00,Lens,Strasbourg,1,0,H
F1,22/11/2025,18:00,Rennes,Monaco,4,1,H
F1,22/11/2025,20:05,Paris SG,Le Havre,3,0,H
F1,23/11/2025,14:00,Auxerre,Lyon,0,0,D
F1,23/11/2025,16:15,Brest,Metz,3,2,H
F1,23/11/2025,16:15,Nantes,Lorient,1,1,D
F1,23/11/2025,16:15,Toulouse,Angers,0,1,A
F1,23/11/2025,19:45,Lille,Paris FC,4,2,H
F1,28/11/2025,19:45,Metz,Rennes,0,1,A
F1,29/11/2025,16:00,Monaco,Paris SG,1,0,H
F1,29/11/2025,18:00,Paris FC,Auxerre,1,1,D
F1,29/11/2025,20:05,Marseille,Toulouse,2,2,D
F1,30/11/2025,14:00,Strasbourg,Brest,1,2,A
F1,30/11/2025,16:15,Angers,Lens,1,2,A
F1,30/11/2025,16:15,Le Havre,Lille,0,1,A
F1,30/11/2025,16:15,Lorient,Nice,3,1,H
F1,30/11/2025,19:45,Lyon,Nantes,3,0,H
F1,05/12/2025,18:00,Brest,Monaco,1,0,H
F1,05/12/2025,20:00,Lille,Marseille,1,0,H
F1,06/12/2025,16:00,Nantes,Lens,1,2,A
F1,06/12/2025,18:00,Toulouse,Strasbourg,1,0,H
F1,06/12/2025,20:05,Paris SG,Rennes,5,0,H
F1,07/12/2025,14:00,Nice,Angers,0,1,A
F1,07/12/2025,16:15,Auxerre,Metz,3,1,H
F1,07/12/2025,16:15,Le Havre,Paris FC,0,0,D
F1,07/12/2025,19:45,Lorient,Lyon,1,0,H
F1,12/12/2025,19:45,Angers,Nantes,4,1,H
F1,13/12/2025,16:00,Rennes,Brest,3,1,H
F1,13/12/2025,18:00,Metz,Paris SG,2,3,A
F1,13/12/2025,20:05,Paris FC,Toulouse,0,3,A
F1,14/12/2025,14:00,Lyon,Le Havre,1,0,H
F1,14/12/2025,16:15,Auxerre,Lille,3,4,A
F1,14/12/2025,16:15,Lens,Nice,2,0,H
F1,14/12/2025,16:15,Strasbourg,Lorient,0,0,D
F1,14/12/2025,19:45,Marseille,Monaco,1,0,H
F1,02/01/2026,19:45,Toulouse,Lens,0,3,A
F1,03/01/2026,16:00,Monaco,Lyon,1,3,A
F1,03/01/2026,18:00,Nice,Strasbourg,1,1,D
F1,03/01/2026,20:05,Lille,Rennes,0,2,A
F1,04/01/2026,14:00,Marseille,Nantes,0,2,A
F1,04/01/2026,16:15,Brest,Auxerre,2,0,H
F1,04/01/2026,16:15,Le Havre,Angers,2,1,H
F1,04/01/2026,16:15,Lorient,Metz,1,1,D
F1,04/01/2026,19:45,Paris SG,Paris FC,2,1,H
F1,16/01/2026,18:00,Monaco,Lorient,1,3,A
F1,16/01/2026,20:00,Paris SG,Lille,3,0,H
F1,17/01/2026,16:00,Lens,Auxerre,1,0,H
F1,17/01/2026,18:00,Toulouse,Nice,5,1,H
F1,17/01/2026,20:05,Angers,Marseille,2,5,A
F1,18/01/2026,14:00,Strasbourg,Metz,2,1,H
F1,18/01/2026,16:15,Nantes,Paris FC,1,2,A
F1,18/01/2026,16:15,Rennes,Le Havre,1,1,D
F1,18/01/2026,19:45,Lyon,Brest,2,1,H
F1,23/01/2026,19:00,Auxerre,Paris SG,0,1,A
F1,24/01/2026,16:00,Rennes,Lorient,0,2,A
F1,24/01/2026,18:00,Le Havre,Monaco,0,0,D
F1,24/01/2026,20:05,Marseille,Lens,3,1,H
F1,25/01/2026,14:00,Nantes,Nice,1,4,A
F1,25/01/2026,16:15,Brest,Toulouse,0,2,A
F1,25/01/2026,16:15,Metz,Lyon,2,5,A
F1,25/01/2026,16:15,Paris FC,Angers,0,0,D
F1,25/01/2026,19:45,Lille,Strasbourg,1,4,A
F1,06/08/2021,20:00,Monaco,Nantes,1,1,D
F1,07/08/2021,16:00,Lyon,Brest,1,1,D
F1,07/08/2021,20:00,Troyes,Paris SG,1,2,A
F1,08/08/2021,12:00,Rennes,Lens,1,1,D
F1,08/08/2021,14:00,Bordeaux,Clermont,0,2,A
F1,08/08/2021,14:00,Nice,Reims,0,0,D
F1,08/08/2021,14:00,St Etienne,Lorient,1,1,D
F1,08/08/2021,14:00,Strasbourg,Angers,0,2,A
F1,08/08/2021,16:00,Metz,Lille,3,3,D
F1,08/08/2021,19:45,Montpellier,Marseille,2,3,A
F1,13/08/2021,20:00,Lorient,Monaco,1,0,H
F1,14/08/2021,16:00,Lille,Nice,0,4,A
F1,14/08/2021,20:00,Paris SG,Strasbourg,4,2,H
F1,15/08/2021,12:00,Angers,Lyon,3,0,H
F1,15/08/2021,14:00,Brest,Rennes,1,1,D
F1,15/08/2021,14:00,Clermont,Troyes,2,0,H
F1,15/08/2021,14:00,Nantes,Metz,2,0,H
F1,15/08/2021,14:00,Reims,Montpellier,3,3,D
F1,15/08/2021,16:00,Lens,St Etienne,2,2,D
F1,15/08/2021,19:45,Marseille,Bordeaux,2,2,D
F1,20/08/2021,20:00,Brest,Paris SG,2,4,A
F1,21/08/2021,16:00,Monaco,Lens,0,2,A
F1,21/08/2021,20:00,St Etienne,Lille,1,1,D
F1,22/08/2021,12:00,Lyon,Clermont,3,3,D
F1,22/08/2021,14:00,Bordeaux,Angers,1,1,D
F1,22/08/2021,14:00,Metz,Reims,1,1,D
F1,22/08/2021,14:00,Montpellier,Lorient,3,1,H
F1,22/08/2021,14:00,Strasbourg,Troyes,1,1,D
F1,22/08/2021,16:00,Rennes,Nantes,1,0,H
F1,27/08/2021,20:00,Nantes,Lyon,0,1,A
F1,28/08/2021,16:00,Nice,Bordeaux,4,0,H
F1,28/08/2021,20:00,Marseille,St Etienne,3,1,H
F1,29/08/2021,12:00,Troyes,Monaco,1,2,A
F1,29/08/2021,14:00,Angers,Rennes,2,0,H
F1,29/08/2021,14:00,Clermont,Metz,2,2,D
F1,29/08/2021,14:00,Lens,Lorient,2,2,D
F1,29/08/2021,14:00,Strasbourg,Brest,3,1,H
F1,29/08/2021,16:00,Lille,Montpellier,2,1,H
F1,29/08/2021,19:45,Reims,Paris SG,0,2,A
F1,10/09/2021,20:00,Lorient,Lille,2,1,H
F1,11/09/2021,16:00,Paris SG,Clermont,4,0,H
F1,11/09/2021,20:00,Monaco,Marseille,0,2,A
F1,12/09/2021,12:00,Montpellier,St Etienne,2,0,H
F1,12/09/2021,14:00,Bordeaux,Lens,2,3,A
F1,12/09/2021,14:00,Brest,Angers,1,1,D
F1,12/09/2021,14:00,Metz,Troyes,0,2,A
F1,12/09/2021,14:00,Rennes,Reims,0,2,A
F1,12/09/2021,16:00,Nantes,Nice,0,2,A
F1,12/09/2021,19:45,Lyon,Strasbourg,3,1,H
F1,17/09/2021,20:00,Strasbourg,Metz,3,0,H
F1,18/09/2021,16:00,Lens,Lille,1,0,H
F1,18/09/2021,20:00,St Etienne,Bordeaux,1,2,A
F1,19/09/2021,12:00,Nice,Monaco,2,2,D
F1,19/09/2021,14:00,Angers,Nantes,1,4,A
F1,19/09/2021,14:00,Clermont,Brest,1,1,D
F1,19/09/2021,14:00,Reims,Lorient,0,0,D
F1,19/09/2021,14:00,Troyes,Montpellier,1,1,D
F1,19/09/2021,16:00,Marseille,Rennes,2,0,H
F1,19/09/2021,19:45,Paris SG,Lyon,2,1,H
F1,22/09/2021,18:00,Lille,Reims,2,1,H
F1,22/09/2021,18:00,Monaco,St Etienne,3,1,H
F1,22/09/2021,18:00,Montpellier,Bordeaux,3,3,D
F1,22/09/2021,18:00,Nantes,Brest,3,1,H
F1,22/09/2021,18:00,Rennes,Clermont,6,0,H
F1,22/09/2021,20:00,Angers,Marseille,0,0,D
F1,22/09/2021,20:00,Lens,Strasbourg,0,1,A
F1,22/09/2021,20:00,Lorient,Nice,1,0,H
F1,22/09/2021,20:00,Lyon,Troyes,3,1,H
F1,22/09/2021,20:00,Metz,Paris SG,1,2,A
F1,25/09/2021,16:00,St Etienne,Nice,0,3,A
F1,25/09/2021,18:00,Strasbourg,Lille,1,2,A
F1,25/09/2021,20:00,Lyon,Lorient,1,1,D
F1,25/09/2021,20:00,Paris SG,Montpellier,2,0,H
F1,26/09/2021,12:00,Bordeaux,Rennes,1,1,D
F1,26/09/2021,14:00,Brest,Metz,1,2,A
F1,26/09/2021,14:00,Reims,Nantes,3,1,H
F1,26/09/2021,14:00,Troyes,Angers,1,1,D
F1,26/09/2021,16:00,Clermont,Monaco,1,3,A
F1,26/09/2021,19:45,Marseille,Lens,2,3,A
F1,01/10/2021,20:00,Lens,Reims,2,0,H
F1,02/10/2021,16:00,Montpellier,Strasbourg,1,1,D
F1,02/10/2021,20:00,Nice,Brest,2,1,H
F1,03/10/2021,12:00,Rennes,Paris SG,2,0,H
F1,03/10/2021,14:00,Angers,Metz,3,2,H
F1,03/10/2021,14:00,Lorient,Clermont,1,1,D
F1,03/10/2021,14:00,Monaco,Bordeaux,3,0,H
F1,03/10/2021,14:00,Nantes,Troyes,2,0,H
F1,03/10/2021,16:00,Lille,Marseille,2,0,H
F1,03/10/2021,19:45,St Etienne,Lyon,1,1,D
F1,15/10/2021,20:00,Paris SG,Angers,2,1,H
F1,16/10/2021,16:00,Clermont,Lille,1,0,H
F1,16/10/2021,20:00,Lyon,Monaco,2,0,H
F1,17/10/2021,12:00,Troyes,Nice,1,0,H
F1,17/10/2021,14:00,Bordeaux,Nantes,1,1,D
F1,17/10/2021,14:00,Brest,Reims,1,1,D
F1,17/10/2021,14:00,Metz,Rennes,0,3,A
F1,17/10/2021,14:00,Strasbourg,St Etienne,5,1,H
F1,17/10/2021,16:00,Montpellier,Lens,1,0,H
F1,17/10/2021,19:45,Marseille,Lorient,4,1,H
F1,22/10/2021,20:00,St Etienne,Angers,2,2,D
F1,23/10/2021,16:00,Nantes,Clermont,2,1,H
F1,23/10/2021,20:00,Lille,Brest,1,1,D
F1,24/10/2021,12:00,Nice,Lyon,3,2,H
F1,24/10/2021,14:00,Lens,Metz,4,1,H
F1,24/10/2021,14:00,Lorient,Bordeaux,1,1,D
F1,24/10/2021,14:00,Reims,Troyes,1,2,A
F1,24/10/2021,14:00,Rennes,Strasbourg,1,0,H
F1,24/10/2021,16:00,Monaco,Montpellier,3,1,H
F1,24/10/2021,19:45,Marseille,Paris SG,0,0,D
F1,27/10/2021,20:00,Nice,Marseille,1,1,D
F1,29/10/2021,20:00,Paris SG,Lille,2,1,H
F1,30/10/2021,16:00,Metz,St Etienne,1,1,D
F1,30/10/2021,20:00,Lyon,Lens,2,1,H
F1,31/10/2021,12:00,Angers,Nice,1,2,A
F1,31/10/2021,14:00,Bordeaux,Reims,3,2,H
F1,31/10/2021,14:00,Montpellier,Nantes,2,0,H
F1,31/10/2021,14:00,Strasbourg,Lorient,4,0,H
F1,31/10/2021,14:00,Troyes,Rennes,2,2,D
F1,31/10/2021,16:00,Brest,Monaco,2,0,H
F1,31/10/2021,19:45,Clermont,Marseille,0,1,A
F1,05/11/2021,20:00,Lens,Troyes,4,0,H
F1,06/11/2021,16:00,Lille,Angers,1,1,D
F1,06/11/2021,20:00,Bordeaux,Paris SG,2,3,A
F1,07/11/2021,12:00,Marseille,Metz,0,0,D
F1,07/11/2021,14:00,Lorient,Brest,1,2,A
F1,07/11/2021,14:00,Nantes,Strasbourg,2,2,D
F1,07/11/2021,14:00,Reims,Monaco,0,0,D
F1,07/11/2021,14:00,St Etienne,Clermont,3,2,H
F1,07/11/2021,16:00,Nice,Montpellier,0,1,A
F1,07/11/2021,19:45,Rennes,Lyon,4,1,H
F1,19/11/2021,20:00,Monaco,Lille,2,2,D
F1,20/11/2021,16:00,Paris SG,Nantes,3,1,H
F1,20/11/2021,20:00,Rennes,Montpellier,2,0,H
F1,21/11/2021,12:00,Brest,Lens,4,0,H
F1,21/11/2021,14:00,Angers,Lorient,1,0,H
F1,21/11/2021,14:00,Metz,Bordeaux,3,3,D
F1,21/11/2021,14:00,Strasbourg,Reims,1,1,D
F1,21/11/2021,14:00,Troyes,St Etienne,0,1,A
F1,21/11/2021,16:00,Clermont,Nice,1,2,A
F1,26/11/2021,20:00,Lens,Angers,2,2,D
F1,27/11/2021,16:00,Lille,Nantes,1,1,D
F1,27/11/2021,20:00,Nice,Metz,0,1,A
F1,28/11/2021,12:00,St Etienne,Paris SG,1,3,A
F1,28/11/2021,14:00,Bordeaux,Brest,1,2,A
F1,28/11/2021,14:00,Lorient,Rennes,0,2,A
F1,28/11/2021,14:00,Monaco,Strasbourg,1,1,D
F1,28/11/2021,14:00,Reims,Clermont,1,0,H
F1,28/11/2021,16:00,Montpellier,Lyon,0,1,A
F1,28/11/2021,19:45,Marseille,Troyes,1,0,H
F1,01/12/2021,18:00,Angers,Monaco,1,3,A
F1,01/12/2021,18:00,Brest,St Etienne,1,0,H
F1,01/12/2021,18:00,Metz,Montpellier,1,3,A
F1,01/12/2021,18:00,Strasbourg,Bordeaux,5,2,H
F1,01/12/2021,18:00,Troyes,Lorient,2,0,H
F1,01/12/2021,20:00,Clermont,Lens,2,2,D
F1,01/12/2021,20:00,Lyon,Reims,1,2,A
F1,01/12/2021,20:00,Nantes,Marseille,0,1,A
F1,01/12/2021,20:00,Paris SG,Nice,0,0,D
F1,01/12/2021,20:00,Rennes,Lille,1,2,A
F1,04/12/2021,16:00,Marseille,Brest,1,2,A
F1,04/12/2021,18:00,Lille,Troyes,2,1,H
F1,04/12/2021,20:00,Lens,Paris SG,1,1,D
F1,05/12/2021,12:00,St Etienne,Rennes,0,5,A
F1,05/12/2021,14:00,Lorient,Nantes,0,1,A
F1,05/12/2021,14:00,Monaco,Metz,4,0,H
F1,05/12/2021,14:00,Montpellier,Clermont,1,0,H
F1,05/12/2021,14:00,Reims,Angers,1,2,A
F1,05/12/2021,16:00,Nice,Strasbourg,0,3,A
F1,05/12/2021,19:45,Bordeaux,Lyon,2,2,D
F1,10/12/2021,20:00,Nantes,Lens,3,2,H
F1,11/12/2021,16:00,Brest,Montpellier,0,4,A
F1,11/12/2021,20:00,Reims,St Etienne,2,0,H
F1,12/12/2021,12:00,Lille,Lyon,0,0,D
F1,12/12/2021,14:00,Angers,Clermont,0,1,A
F1,12/12/2021,14:00,Metz,Lorient,4,1,H
F1,12/12/2021,14:00,Rennes,Nice,1,2,A
F1,12/12/2021,14:00,Troyes,Bordeaux,1,2,A
F1,12/12/2021,16:00,Strasbourg,Marseille,0,2,A
F1,12/12/2021,19:45,Paris SG,Monaco,2,0,H
F1,22/12/2021,20:00,Bordeaux,Lille,2,3,A
F1,22/12/2021,20:00,Lorient,Paris SG,1,1,D
F1,22/12/2021,20:00,Lyon,Metz,1,1,D
F1,22/12/2021,20:00,Marseille,Reims,1,1,D
F1,22/12/2021,20:00,Monaco,Rennes,2,1,H
F1,22/12/2021,20:00,Montpellier,Angers,4,1,H
F1,22/12/2021,20:00,Nice,Lens,2,1,H
F1,22/12/2021,20:00,St Etienne,Nantes,0,1,A
F1,22/12/2021,20:00,Troyes,Brest,1,1,D
F1,07/01/2022,20:00,Bordeaux,Marseille,0,1,A
F1,08/01/2022,20:00,Lens,Rennes,1,0,H
F1,09/01/2022,12:00,Brest,Nice,0,3,A
F1,09/01/2022,14:00,Clermont,Reims,0,0,D
F1,09/01/2022,14:00,Metz,Strasbourg,0,2,A
F1,09/01/2022,16:05,Nantes,Monaco,0,0,D
F1,09/01/2022,19:45,Lyon,Paris SG,1,1,D
F1,14/01/2022,20:00,Nice,Nantes,2,1,H
F1,15/01/2022,16:00,St Etienne,Lens,1,2,A
F1,15/01/2022,20:00,Paris SG,Brest,2,0,H
F1,16/01/2022,12:00,Rennes,Bordeaux,6,0,H
F1,16/01/2022,14:00,Lorient,Angers,0,0,D
F1,16/01/2022,14:00,Monaco,Clermont,4,0,H
F1,16/01/2022,14:00,Reims,Metz,0,1,A
F1,16/01/2022,14:00,Strasbourg,Montpellier,3,1,H
F1,16/01/2022,16:05,Troyes,Lyon,0,1,A
F1,16/01/2022,19:45,Marseille,Lille,1,1,D
F1,19/01/2022,18:00,Clermont,Strasbourg,0,2,A
F1,19/01/2022,18:00,Lille,Lorient,3,1,H
F1,19/01/2022,18:00,Montpellier,Troyes,0,1,A
F1,21/01/2022,20:00,Lyon,St Etienne,1,0,H
F1,22/01/2022,16:00,Brest,Lille,2,0,H
F1,22/01/2022,20:00,Lens,Marseille,0,2,A
F1,23/01/2022,12:00,Metz,Nice,0,2,A
F1,23/01/2022,14:00,Angers,Troyes,2,1,H
F1,23/01/2022,14:00,Bordeaux,Strasbourg,4,3,H
F1,23/01/2022,14:00,Clermont,Rennes,2,1,H
F1,23/01/2022,14:00,Nantes,Lorient,4,2,H
F1,23/01/2022,16:05,Montpellier,Monaco,3,2,H
F1,23/01/2022,19:45,Paris SG,Reims,4,0,H
F1,26/01/2022,18:00,Angers,St Etienne,0,1,A
F1,01/02/2022,20:00,Lyon,Marseille,2,1,H
F1,04/02/2022,20:00,Marseille,Angers,5,2,H
F1,05/02/2022,16:00,St Etienne,Montpellier,3,1,H
F1,05/02/2022,20:00,Monaco,Lyon,2,0,H
F1,06/02/2022,12:00,Lorient,Lens,2,0,H
F1,06/02/2022,14:00,Nice,Clermont,0,1,A
F1,06/02/2022,14:00,Reims,Bordeaux,5,0,H
F1,06/02/2022,14:00,Strasbourg,Nantes,1,0,H
F1,06/02/2022,14:00,Troyes,Metz,0,0,D
F1,06/02/2022,16:00,Rennes,Brest,2,0,H
F1,06/02/2022,19:45,Lille,Paris SG,1,5,A
F1,11/02/2022,20:00,Paris SG,Rennes,1,0,H
F1,12/02/2022,16:00,Montpellier,Lille,0,1,A
F1,12/02/2022,20:00,Lyon,Nice,2,0,H
F1,13/02/2022,12:00,Monaco,Lorient,0,0,D
F1,13/02/2022,14:00,Angers,Strasbourg,0,1,A
F1,13/02/2022,14:00,Brest,Troyes,5,1,H
F1,13/02/2022,14:00,Clermont,St Etienne,1,2,A
F1,13/02/2022,14:00,Nantes,Reims,1,0,H
F1,13/02/2022,16:05,Lens,Bordeaux,3,2,H
F1,13/02/2022,19:45,Metz,Marseille,1,2,A
F1,18/02/2022,20:00,Lille,Metz,0,0,D
F1,19/02/2022,16:00,Lens,Lyon,1,1,D
F1,19/02/2022,20:00,Nantes,Paris SG,3,1,H
F1,20/02/2022,12:00,Nice,Angers,1,0,H
F1,20/02/2022,14:00,Lorient,Montpellier,0,1,A
F1,20/02/2022,14:00,Reims,Brest,1,1,D
F1,20/02/2022,14:00,Rennes,Troyes,4,1,H
F1,20/02/2022,14:00,St Etienne,Strasbourg,2,2,D
F1,20/02/2022,16:05,Bordeaux,Monaco,1,1,D
F1,20/02/2022,19:45,Marseille,Clermont,0,2,A
F1,25/02/2022,20:00,Montpellier,Rennes,2,4,A
F1,26/02/2022,16:00,Strasbourg,Nice,0,0,D
F1,26/02/2022,20:00,Paris SG,St Etienne,3,1,H
F1,27/02/2022,12:00,Monaco,Reims,1,2,A
F1,27/02/2022,14:00,Angers,Lens,1,2,A
F1,27/02/2022,14:00,Brest,Lorient,0,1,A
F1,27/02/2022,14:00,Clermont,Bordeaux,1,1,D
F1,27/02/2022,14:00,Metz,Nantes,0,0,D
F1,27/02/2022,16:05,Troyes,Marseille,1,1,D
F1,27/02/2022,19:45,Lyon,Lille,0,1,A
F1,04/03/2022,20:00,Lorient,Lyon,1,4,A
F1,05/03/2022,16:00,Lens,Brest,0,1,A
F1,05/03/2022,20:00,Nice,Paris SG,1,0,H
F1,06/03/2022,12:00,St Etienne,Metz,1,0,H
F1,06/03/2022,14:00,Bordeaux,Troyes,0,2,A
F1,06/03/2022,14:00,Nantes,Montpellier,2,0,H
F1,06/03/2022,14:00,Reims,Strasbourg,1,1,D
F1,06/03/2022,14:00,Rennes,Angers,2,0,H
F1,06/03/2022,16:05,Lille,Clermont,4,0,H
F1,06/03/2022,19:45,Marseille,Monaco,0,1,A
F1,11/03/2022,20:00,Lille,St Etienne,0,0,D
F1,12/03/2022,16:00,Montpellier,Nice,0,0,D
F1,12/03/2022,20:00,Troyes,Nantes,1,0,H
F1,13/03/2022,12:00,Paris SG,Bordeaux,3,0,H
F1,13/03/2022,14:00,Angers,Reims,0,1,A
F1,13/03/2022,14:00,Clermont,Lorient,0,2,A
F1,13/03/2022,14:00,Metz,Lens,0,0,D
F1,13/03/2022,14:00,Strasbourg,Monaco,1,0,H
F1,13/03/2022,16:05,Lyon,Rennes,2,4,A
F1,13/03/2022,19:45,Brest,Marseille,1,4,A
F1,18/03/2022,20:00,St Etienne,Troyes,1,1,D
F1,19/03/2022,16:00,Lens,Clermont,3,1,H
F1,19/03/2022,20:00,Nantes,Lille,0,1,A
F1,20/03/2022,12:00,Monaco,Paris SG,3,0,H
F1,20/03/2022,14:00,Angers,Brest,1,0,H
F1,20/03/2022,14:00,Bordeaux,Montpellier,0,2,A
F1,20/03/2022,14:00,Lorient,Strasbourg,0,0,D
F1,20/03/2022,14:00,Rennes,Metz,6,1,H
F1,20/03/2022,16:05,Reims,Lyon,0,0,D
F1,20/03/2022,19:45,Marseille,Nice,2,1,H
F1,02/04/2022,16:00,Nice,Rennes,1,1,D
F1,02/04/2022,18:00,Lille,Bordeaux,0,0,D
F1,03/04/2022,12:00,Strasbourg,Lens,1,0,H
F1,03/04/2022,14:00,Clermont,Nantes,2,3,A
F1,03/04/2022,14:00,Metz,Monaco,1,2,A
F1,03/04/2022,14:00,Montpellier,Brest,1,2,A
F1,03/04/2022,14:00,St Etienne,Marseille,2,4,A
F1,03/04/2022,14:00,Troyes,Reims,1,0,H
F1,03/04/2022,16:05,Lyon,Angers,3,2,H
F1,03/04/2022,19:45,Paris SG,Lorient,5,1,H
F1,08/04/2022,20:00,Lorient,St Etienne,6,2,H
F1,09/04/2022,16:00,Reims,Rennes,2,3,A
F1,09/04/2022,20:00,Clermont,Paris SG,1,6,A
F1,10/04/2022,12:00,Bordeaux,Metz,3,1,H
F1,10/04/2022,14:00,Angers,Lille,1,1,D
F1,10/04/2022,14:00,Brest,Nantes,1,1,D
F1,10/04/2022,14:00,Monaco,Troyes,2,1,H
F1,10/04/2022,16:05,Lens,Nice,3,0,H
F1,10/04/2022,18:00,Strasbourg,Lyon,1,1,D
F1,10/04/2022,20:00,Marseille,Montpellier,2,0,H
F1,15/04/2022,20:00,Rennes,Monaco,2,3,A
F1,16/04/2022,16:00,St Etienne,Brest,2,1,H
F1,16/04/2022,20:00,Lille,Lens,1,2,A
F1,17/04/2022,12:00,Nice,Lorient,2,1,H
F1,17/04/2022,14:00,Metz,Clermont,1,1,D
F1,17/04/2022,14:00,Montpellier,Reims,0,0,D
F1,17/04/2022,14:00,Nantes,Angers,1,1,D
F1,17/04/2022,14:00,Troyes,Strasbourg,1,1,D
F1,17/04/2022,16:05,Lyon,Bordeaux,6,1,H
F1,17/04/2022,19:45,Paris SG,Marseille,2,1,H
F1,20/04/2022,18:00,Bordeaux,St Etienne,2,2,D
F1,20/04/2022,18:00,Lorient,Metz,1,0,H
F1,20/04/2022,18:00,Monaco,Nice,1,0,H
F1,20/04/2022,18:00,Reims,Lille,2,1,H
F1,20/04/2022,18:00,Troyes,Clermont,0,1,A
F1,20/04/2022,20:00,Angers,Paris SG,0,3,A
F1,20/04/2022,20:00,Brest,Lyon,2,1,H
F1,20/04/2022,20:00,Lens,Montpellier,2,0,H
F1,20/04/2022,20:00,Marseille,Nantes,3,2,H
F1,20/04/2022,20:00,Strasbourg,Rennes,2,1,H
F1,23/04/2022,16:00,Lyon,Montpellier,5,2,H
F1,23/04/2022,18:00,St Etienne,Monaco,1,4,A
F1,23/04/2022,20:00,Paris SG,Lens,1,1,D
F1,24/04/2022,12:00,Rennes,Lorient,5,0,H
F1,24/04/2022,14:00,Clermont,Angers,2,2,D
F1,24/04/2022,14:00,Metz,Brest,0,1,A
F1,24/04/2022,14:00,Nantes,Bordeaux,5,3,H
F1,24/04/2022,14:00,Nice,Troyes,1,0,H
F1,24/04/2022,16:05,Lille,Strasbourg,1,0,H
F1,24/04/2022,19:45,Reims,Marseille,0,1,A
F1,29/04/2022,20:00,Strasbourg,Paris SG,3,3,D
F1,30/04/2022,16:00,Lens,Nantes,2,2,D
F1,30/04/2022,20:00,Rennes,St Etienne,2,0,H
F1,01/05/2022,12:00,Troyes,Lille,3,0,H
F1,01/05/2022,14:00,Brest,Clermont,2,0,H
F1,01/05/2022,14:00,Lorient,Reims,1,2,A
F1,01/05/2022,14:00,Monaco,Angers,2,0,H
F1,01/05/2022,14:00,Montpellier,Metz,2,2,D
F1,01/05/2022,16:05,Bordeaux,Nice,0,1,A
F1,01/05/2022,19:45,Marseille,Lyon,0,3,A
F1,06/05/2022,20:00,Lille,Monaco,1,2,A
F1,07/05/2022,16:00,Brest,Strasbourg,0,1,A
F1,08/05/2022,12:00,Metz,Lyon,3,2,H
F1,08/05/2022,14:00,Angers,Bordeaux,4,1,H
F1,08/05/2022,14:00,Clermont,Montpellier,2,1,H
F1,08/05/2022,14:00,Reims,Lens,1,2,A
F1,08/05/2022,16:05,Lorient,Marseille,0,3,A
F1,08/05/2022,19:45,Paris SG,Troyes,2,2,D
F1,11/05/2022,18:00,Nice,St Etienne,4,2,H
F1,11/05/2022,20:00,Nantes,Rennes,2,1,H
F1,14/05/2022,20:00,Bordeaux,Lorient,0,0,D
F1,14/05/2022,20:00,Lyon,Nantes,3,2,H
F1,14/05/2022,20:00,Metz,Angers,1,0,H
F1,14/05/2022,20:00,Monaco,Brest,4,2,H
F1,14/05/2022,20:00,Montpellier,Paris SG,0,4,A
F1,14/05/2022,20:00,Nice,Lille,1,3,A
F1,14/05/2022,20:00,Rennes,Marseille,2,0,H
F1,14/05/2022,20:00,St Etienne,Reims,1,2,A
F1,14/05/2022,20:00,Strasbourg,Clermont,1,0,H
F1,14/05/2022,20:00,Troyes,Lens,1,3,A
F1,21/05/2022,20:00,Angers,Montpellier,2,0,H
F1,21/05/2022,20:00,Brest,Bordeaux,2,4,A
F1,21/05/2022,20:00,Clermont,Lyon,1,2,A
F1,21/05/2022,20:00,Lens,Monaco,2,2,D
F1,21/05/2022,20:00,Lille,Rennes,2,2,D
F1,21/05/2022,20:00,Lorient,Troyes,1,1,D
F1,21/05/2022,20:00,Marseille,Strasbourg,4,0,H
F1,21/05/2022,20:00,Nantes,St Etienne,1,1,D
F1,21/05/2022,20:00,Paris SG,Metz,5,0,H
F1,21/05/2022,20:00,Reims,Nice,2,3,A
